date_maj,pays_execution,pays_nom,zone,niveau_avant,niveau_apres,sens,severite,motif,publication_number,lien
2026-07-26,AFG,Afghanistan,Asie du Sud,,Evenement : evacuation,aggravation,4,"Unités de sauvetage de l'Air Force décorées pour leur rôle dans l'évacuation d'Afghanistan, confirmant une opération majeure de sortie de personnel.",GEO-AFG-22609ac1f7b20aca,https://news.google.com/rss/articles/CBMijgFBVV95cUxOQ3UxNFNVb2lRLTdtRkF4S2cyWHdTWTlWTEhtT2ppcmlkdmprMDN2dGtKaU1ZUDZxd3AtZjN2NWFKTDh0M05vQzBtNFBxYUdHNXREMW1KdnhZaDF4ZWFGekw0V1pOMzBIcnh2eGpaZzhEemYzeW9CdkN2eXhoekFrUzJFeFNRVGpROUdDM2JB?oc=5
2026-07-26,AFG,Afghanistan,Asie du Sud,,Evenement : evacuation,aggravation,4,Opération d'évacuation américaine depuis l'Afghanistan avec interventions de sauvetage par l'US Air Force.,GEO-AFG-99c77442b6a85947,https://news.google.com/rss/articles/CBMi1AFBVV95cUxPRndLUjI5Ry1Oa1ZCaFcxSm9rRHNTQ01MRGlBeTRtS1U2WmYyMFVXb2FmeGFIcERlNHlwb241R2NaWVZnZ045Q3FVLVlNbTVOdFROZnRzbzBUSTM1VWV4T0w5ckR5NzhhMjIxNnUtZlFGZ1h0MkEyUTk4N2VUdDZRNkFBMkpfZkZ2ekJKOWR6cTdZcTJVXzE4UWdOa3huTjVlYk9ZbUdrc3JWR0NoMER6Z1haZUluajBmSnpPRDNiRWduQUk2VzB2bDNhZEVfY3dxVldLYg?oc=5
2026-07-26,AFG,Afghanistan,Asie du Sud,,Evenement : evacuation,aggravation,2,"Les États-Unis négocient le réinstallation de 1 100 Afghans en République Démocratique du Congo, signalant une opération d'évacuation/relocalisation de ressortissants afghans.",GEO-AFG-fe34afeb4607ee80,https://news.google.com/rss/articles/CBMipAFBVV95cUxQSzNzdVYwaW1DRHNoaDBSdDNXZEtYWVhzMnpTS1I4dGkwZW95dW80YjZENWRHbUNNZDUyb1lCRkNtcU0xYVJNLUI3Y3QzaC1heFVtUV92aDdZSWlNS0VOWFdqODBTMjRuenBtMVlqRjFBd0hsYjZSeV9lMXFOeHlsLXJmeFFCaUJTcWotTV9HRzBvYTFIRlhBaUJWcUpBUmkzSklsUw?oc=5
2026-07-26,AFG,Afghanistan,Asie du Sud,,Evenement : evacuation,aggravation,3,"Le Royaume-Uni met fin à son soutien aux opérations d'évacuation en Afghanistan, créant une rupture dans les dispositifs d'extraction en cours.",GEO-AFG-e91dacb49d44b6e5,https://news.google.com/rss/articles/CBMiqwFBVV95cUxQeFNOZUZwVXFlb0VDQVBEa2RZdGh4aFdxZjNRMF9CMmQzcFhoN19Cazl5UDI0NDNrd3VBYkxpcTZianlpOWhxbWp3OTFfM25lSUJ0WG1uQ2dQWFQzOEhFOVREd204WVhJWE1pV1IwNXA1Zkd5c1Q3Mm9Lb0FVQ3Z1dUlEVVhES09YdmRMM1FFSGJqZF9YUnVRWGtGU0ZhWFE3dDkzVmNXN1hiSW8?oc=5
2026-07-26,AFG,Afghanistan,Asie du Sud,,Evenement : evacuation,aggravation,3,La Grande-Bretagne met fin aux évacuations depuis l'intérieur de l'Afghanistan mais poursuit le réinstallation des alliés afghans via des pays tiers.,GEO-AFG-a174152bfd542d95,https://news.google.com/rss/articles/CBMiywFBVV95cUxORi1IaWZGbFAzaEU2SVdhNW1Db19OUGlkaFlOMlppSzhmbngzc3hJbWlwUThSSTJTLTU3ZG5pTExkTHRiYXN4UDhDM3F4YTBnYUREeEI2YWo3Qzh0ZnhrSU1Uamh1UGlYMzh3N1U2UUwxQU9qYXZwbVJhQ3lDS3lVTDhWc3phUU1JUHlkdGIxYlU0NFM0Z3hFZjRGb0s0OGhiMjhLOS1Wai1YZVh3Q1J3emgwWG1BYWtkYVgwRE5BWldfSE5GR3B6TnFFbw?oc=5
2026-07-26,BFA,Burkina Faso,Sahel,,Evenement : coup etat,aggravation,4,"Le chef militaire du Burkina Faso met en garde ses challengers au milieu de rumeurs de lutte pour le pouvoir, signalant une instabilité politique majeure.",GEO-BFA-0ef8e63530cf0c8a,https://news.google.com/rss/articles/CBMiuwFBVV95cUxNbTdNT3dDRVRoOFoxck9aTHFIdm9QOEw1eHh4VTNaVlRzMEVVclJ4VmFiaHdqc2lUc0lKYW5GSENxUlpnMEU1WVU1cEpiejdWejFIMTdxNFVDM0xOaTljeWV4b1ZtZDVxbWlxUzExZ2J3TjJDS0dHV296V0RNbnlka2pmQWpBU1lUSHFEVGhIZjhMc044S2Jld3NobnFEbDNsUzc5MXZtMnNraXYyeHhxaVBnQndaVVVQRmZV0gHAAUFVX3lxTE1EUkZpWnJfMlhkNVlCNFlUT3czOTlUT3VGd0tRMHlJQVNSSXlGMlN5VFlaLVRPeGxudm9kWHlsbVJjYXF6ZV90QktqbkNrUmFiQldjQ0NrV19HT01hbldYcHBCYzVITDFvSG5oUUQ0bldDaVBfUm5Oa2ZfMTJkWWRmZmVlSWY1bk1iQWtiY0xHNXgwSzF0cGVFYzdsam9ob1hDZm04UDdEdTg5NXRCQW1rTUNuZHhtZml2eEpuQW5tUA?oc=5
2026-07-26,BFA,Burkina Faso,Sahel,,Evenement : tension diplomatique,aggravation,3,"Le Burkina Faso rompt ses relations diplomatiques avec la France, créant une instabilité politique majeure avec impacts potentiels sur la sécurité des ressortissants et opérations françaises.",GEO-BFA-b2b5d0091f7497d4,https://news.google.com/rss/articles/CBMiWkFVX3lxTFBsbXlGdGdzSDZyMEF1T2dxSEs5azNoS0lmTjd5cnhrZU12QUxyeGZOQjM0Qy1qb3JNS3d4QjhKZXFaa2plbWR5X1RvYkcxd2FkX3Rua2VZaTh6dw?oc=5
2026-07-26,BFA,Burkina Faso,Sahel,,Evenement : coup etat,aggravation,4,"Leader issu d'un coup d'État étend son règne jusqu'en 2029 et rejette explicitement la démocratie, créant une instabilité institutionnelle majeure.",GEO-BFA-e3148a322bdf22ef,https://news.google.com/rss/articles/CBMizAFBVV95cUxPR2podFFoSzFaa25zQkFLMEc4V2F5NVFvYl9RS0x5cHZKNFEzRUlhVzlqYTV6N3g0SGZpV2NzeVZTRV9Qd01KOHExQ29IMW5mdm13UDBtdHN0Rnd3bE5jWmtNcGltV3RRQ1E0UFpzd3pMNEdMc0NMM01vVm5WamhTWHFKRjgyWktvNHhnQm5tLXI2SERUcWs5ZHBRelNvSm0zTUN2X0RFWlNIemZHcVEwLU5KSlhRNHExZjAyQldZT05TVTc1NmNzd1pISlE?oc=5
2026-07-26,BFA,Burkina Faso,Sahel,,Evenement : violence politique,aggravation,4,"Le chef militaire au pouvoir au Burkina Faso déclare que la population doit abandonner la démocratie, signalant une consolidation autoritaire et un risque accru d'instabilité politique.",GEO-BFA-ed9b79d6cbb28ef1,https://news.google.com/rss/articles/CBMiwwFBVV95cUxPazhQN3BVVDhScWdBZ1NzdzMxM3BqRVZDSWVDci01RjV6RDNtMjBNWHR0NWJ6T3VITHo4UU5yUktnamc2aS15Q2dzVzBuRTB0dHRQSTFvTE5CZHhGdjAyRi0yVngxTkhpOWZNTk9HNVNqMlhFWHl4YjlQWWJ1S1ZZMXZHaHZLOTlRWXZ4ZXFIVW1nc2Y1d1czazUtdEpsQVRuLVpDcll6dE4wRk9VNjRkMUl3VFh1MHloM2Y3dkprUWt1SHM?oc=5
2026-07-26,BFA,Burkina Faso,Sahel,,Evenement : tension diplomatique,aggravation,4,"Le Burkina Faso rompt ses relations diplomatiques avec la France, son ancien allié clé.",GEO-BFA-0246a802878394e5,https://news.google.com/rss/articles/CBMiqAFBVV95cUxOMi1GVU1XUV8tS19Ma3ZVMWF5MWIyZG9xcDNBRXFjZ1NZOTRBc3A4YTZtVGZzTWxpaDBlSUtDNXItOWlOSDRQOHR2cGdfUVZrYUJXUTh4d2tCY3JTcWxFY19oalhNR1RVYmRGMzdsS0FRWVo5dmtuZ2dVZkg0UFAxdV9tMWZxd1hJSjBBY2VRMEFORjl6TFY5YVY2LVFGaFhkRXRyRXhSTWs?oc=5
2026-07-26,BFA,Burkina Faso,Sahel,,Evenement : tension diplomatique,aggravation,4,"Le Burkina Faso rompt ses relations diplomatiques avec la France, créant une rupture majeure susceptible de déstabiliser le contexte sécuritaire et les opérations des entreprises étrangères.",GEO-BFA-900472ac69309d4a,https://news.google.com/rss/articles/CBMirAFBVV95cUxQbGxnanpBZy01cjc3YUdLMDgyS1J1Vl9xVXZZZER1bGdiWlFsdE1qa3RXRjMxTmtTUE94RzhYUVQ4SklsOF9sVTRDeE8zaDRMeG5aUEpaUENTOWJzd3hIZEhzQUExNDRUeFNpa0l6eWM2S0pEU2pPaGRtbThmYXJwMkpvN0p6cnA3UUdicjBPYzEwMUNsTTU3THBqZTRIYnZYYXVLOEZNMl9WOTRk0gGyAUFVX3lxTE4wQkhIVnN6VHEySUdlbEVWajl1MVpoYXYtLXlBWTFfVnN0YnlMVWJXTTJqYVRER1VhSHhtaEpNUUR4SGFoRnRTRDlLSlBJOVZZdGRWeUlOOVJUcFQxcFZ4Z2JRcHhtUkhjTTk4ZXhyT0tiZUxtYjl6U3dLNTJvN0k3LTFRSmVJZk1CVXdmUkJqbWp3X3BSQXNZMEJSbDM1YWtBZjVkbHhLMlM0UXdua2RtZGc?oc=5
2026-07-26,BFA,Burkina Faso,Sahel,,Evenement : coup etat,aggravation,5,"Le chef militaire Traore annonce l'abandon de la démocratie au Burkina Faso, signalant une consolidation du régime autoritaire issu du coup d'État.",GEO-BFA-211281bb0a0d3244,https://news.google.com/rss/articles/CBMiqgFBVV95cUxOSVNrU0JPMWFPblpkdDczSmxBYk5sUzgtOVZ5eUptLXM5UEJOQXRtR2RKbU1LZTlsU3dFSE43ajVZTWo4VXc2NS03TzFRekE5X2hSNm9wSmhpM1FxaXpxajBCRmlDX3FZNGYwZUJPMURka25WNjYzYlM1U0E5NlVUMml6ZFlCUkVsX0NCZFNFTU5zX2tTNC1VcjQtUkZEbEg0cGI4OXhtUU9vdw?oc=5
2026-07-26,BFA,Burkina Faso,Sahel,,Evenement : violence politique,aggravation,4,"Rapport documentant que l'armée burkinabè est responsable de la majorité des décès civils, révélant des violations graves et une escalade de la violence d'État.",GEO-BFA-e8e6fdccc6b65827,https://news.google.com/rss/articles/CBMitwFBVV95cUxQLUwwVmhxYXN0bElzMEt6VVpxSnowVklDOU9RNU9yaGRKRnNtc1RfX3pQLVVKXzhKb1hhNWhjZTFfenF4aUdvdEVnYkJXT0o3R0h6WVNrWVdnSy1ndEM1ZkhyMUVtaU5iU3FIVkJBbHZlWDUxS2JPMmlDRnZlZE5jVVd3bjBPV3VpWWlSVVQxdFhObDNJR0kyWVI1Snl3Z2tFXzUxZVYxWF8yX01wd1FWdnFvSmIyVmvSAbcBQVVfeXFMTlJnTllucXFES3ZwNFhFTnZvV3R6TkFVblFfVnE5STEwdmFVdDFXLXBrdE5yd2pfcE42bXdUcWNRYktab1dqdTFBbUpvTlVNY1l0N3NjdEFkSktFc1Vac1lmT1NrUzhpeU45M3h6bTBTLWpyNHJkcHgxNFBoLUJDMmxrODR1WV9WaWtnUDU2S0QyTldCRTc1Y3dUZ1k1b2JYc21VcE5GS0c1eTBZbUNkMU02cmtJTGtF?oc=5
2026-07-26,BFA,Burkina Faso,Sahel,,Evenement : coup etat,aggravation,4,Le gouvernement militaire du Burkina Faso annonce avoir déjoué une tentative de coup d'État majeure.,GEO-BFA-a9407a9d2a0a553f,https://news.google.com/rss/articles/CBMiqwFBVV95cUxNMG4zSWxNT0VJekxRRXdBWDl1dDlWT0NFeE9jQzc1OHczdV9CUVprenprck5kczEtcUh5dDNpRHJOOFJEX25pSXRmY3ZlR25GekJ3c3pvR0JHdTZQUzFJdEdKbDB6Q3phM1dGX3NhU3N2aUZRYkY3N0s5T1cwWnY2c1V1RlNCY0VHaHotNVFGR3FBblZhNGlaYU90SGNmSlRvVWZENEdmeFdfNTjSAbABQVVfeXFMTnlMdnpDdzlWeVY0dGttWC1vc1NWVUNDVTFDS2RGVDlHVHlkcDVXZVlDbXg4Yk5fMU1udDJvYi1abnlXUGNoMXJyQmdLcXN1VTFWVmFOQjhZb3ZtMkZOTlJabEpyZHFNa1VYZTNTTGtvbEIyamlnRkg5NXN5LTJSeXFmSjVERWVzNzExRllkTVNtaTFCM0I4WlFtTXNzMWtxMGdWeFZBVTRSMTBuU2taa0w?oc=5
2026-07-26,BFA,Burkina Faso,Sahel,,Evenement : tension diplomatique,aggravation,2,"Le Burkina Faso interdit l'accès à une chaîne de télévision française pour accusations de désinformation, reflétant une tension diplomatique franco-burkinabè.",GEO-BFA-f31f748eff5b4576,https://news.google.com/rss/articles/CBMizgFBVV95cUxOZElUMW5oMkFRX1YxdWQ2dk9xRXVjWTVhYzV5WFJiY0J6OW1PbzFFV3BoT1lxbkdPSkd6TUZFY0tUbGpleDg2UjRRV3ZtR280QzFablVmSkMwSzdfZDhtU0JQQmNqWWVtY2JnR0MxSm04TDZmNWV6Ujg1ZW5ka1AtUGVESGlQdHJaTUt2elZuOGNla2Jqb0ktUHpCRVZKWmZvM1VaTzZHZ2NNZER2b1hBM1A3eHpoaXA0RUI2RXZ0RkZGWFo1SmJ4d19RUDgydw?oc=5
2026-07-26,BFA,Burkina Faso,Sahel,,Evenement : tension diplomatique,aggravation,3,Visite du président béninois au Niger et Burkina Faso suite à des tensions liées à des coups d'État dans la région.,GEO-BFA-b48e34ec4103c9ce,https://news.google.com/rss/articles/CBMioAFBVV95cUxQeUNCUDAyQ3JERHJ2a2l2Mk9Lb2VrUVFsRHhOYlUzSjRtcHh6QjdYaG02ODVoaGZfaXFJWnBCRzB4bjdPNG1yZGdoWmREWE0wWlhMY3JkZHlRT09UQkwyTlhCdnFmTkFqcm5faVdwVnVFenZJM0F5VnRITUszNTRWOGY4Sk9NZHg3U3hzWUdSVkN3ZjdWWUFLdUZsLXlxQ0NH0gGmAUFVX3lxTE04d05jYV8zczlNZzZXMmducHp0dTR3WHZvT09DTVd4QUdiYmlZbkVpRGg3WlM1MFdfZjdnb2JnT1ZJQlVoQk5PY21ObWhEUXcwRnQ3VUpLYkc4UTlHV2JPMnQtMm5RQzdZN2VNVUxLOURzT2Jlck9ERGl1WEdaSTZEbzZtMHZvR2E1MFAtdFZKSzNLU2c1Y2UwRFJJUGN4Q21GZGxaUkE?oc=5
2026-07-26,BFA,Burkina Faso,Sahel,,Evenement : tension diplomatique,aggravation,3,Visite du président du Bénin au Niger et au Burkina Faso suite à des tensions liées à des coups d'État dans la région.,GEO-BFA-74e6024bd5ce4267,https://news.google.com/rss/articles/CBMijwFBVV95cUxQXzhZOVozRDVUX2RMVjREbFFxaWFFTDNXTHc4MV8ySEFvZ20xeWl4SkdISUZTWnRxd3l2aDRHd2RKZDlsckJNcUFSNGJuckZaMG43bDAzN2JYYVFsbDdjOE5Rc2lheWJOaUVHR3E0NHFqY2NkS2MyakdjbUJmcWw1NDJPWGh6OUs0UHVpRjA3cw?oc=5
2026-07-26,IRQ,Irak,Proche-Orient,,Evenement : enlevement,aggravation,4,"Enlèvement d'une ressortissante étrangère (Shelly Kittleson) à Bagdad, marquant une escalade de l'insécurité dans la capitale irakienne.",GEO-IRQ-87afbdc940b523f2,https://news.google.com/rss/articles/CBMiswFBVV95cUxOM2VhTXRxMzIzSkdIMnJDcktMMmtmOXlzWEpWTXpSMVdqX2xzRVVmM05TU2NRYnFSYnJaMzg1a3RkMFdESndfWVhjQVZtTHV4eDhpT0NCaWkzZ0ZkTlJkbG1tWDlxdlFjQTNlUDg0cmV6dzQzMG1ST0ZrcDlfTTRQQlFXZWFKUVBILWtGQU1XdUV1R0lWNmlJcVBudWV1WFVxOWY2dE4zRkhOUGc5YmR3X1RWYw?oc=5
2026-07-26,MEX,Mexique,Amérique latine,,Evenement : catastrophe,aggravation,3,Séisme puissant au Mexique avec alerte tsunami levée.,GEO-MEX-4e31cc6501d62f6b,https://news.google.com/rss/articles/CBMipAFBVV95cUxNWG5ockZabW1wREd2X1FacXVBZGxBTzY2TkhuZnFEazUxM1AyNks3UHJqRzlnX1p3R2ZBbG5Jak5TOHlqVnJCOVJwNFZneTBSbVFfWmxCUnpDeHJHTW9VRTU5WDhVRzNSLXNDUlRNOW15REJ5cmJpTDV1ZF9qT3otTHNHUkVHRlJBT254clpjbDhTaDRXQmhyTU1KcTB1RUE4WGQxVQ?oc=5
2026-07-26,MEX,Mexique,Amérique latine,,Evenement : violence politique,aggravation,3,"Cinq policiers tués dans une attaque au Mexique, incident de sécurité majeur en contexte de Coupe du monde.",GEO-MEX-d26548a99f5bd6a0,https://news.google.com/rss/articles/CBMi4wFBVV95cUxQSDhuN0FIU0locnptc1RienRSd0t3R3RpdGxfWTlacmpIN2RrZWctTGZ5RVFVU3plbkFEVGx0b1c0LVRRQkJOZ3QzSGxFNnZ5c1hyRENMQkxvUThGc1ZVekdTdmNrWUhJaVRqaThMV1h2eTd0N2h4TksxUTJXMlRGZnRtWXRWZHJ4aExMd2RuTHptWDlUME8xSUE1OWI0TU9CeVcwY3VLUHAyeXg1b0NyUVVsajRweDRPbDR4ZjRpVG5wY2M2bWFPQ1c3NXk0R2NtclVYWnE4NVdtNExCNTdiTjZzcw?oc=5
2026-07-26,MLI,Mali,Sahel,,Evenement : enlevement,aggravation,4,"Le groupe rebelle FLA revendique la capture et la détention de plus de 200 militaires maliens à Kidal, constituant une rupture majeure dans le contrôle territorial et la sécurité.",GEO-MLI-4b3569bf7fde2632,https://news.google.com/rss/articles/CBMizgFBVV95cUxPYnhxdFhwR1dZUnlGTEdQVkdwSGRydEEtNlNQeUxIbWFLeThpRVNQT3JEcVdiYlFqc3pGVF8xUDkwc0EwOW9FSWZRQWFMUXVna015WnVVVWlpamV5R3BLR2ZtclZ3aDVXRXA1TDJFRUlMMVd1cUV5aS16bWR2N3BneUJ5bDBSeDlfcnktREdVS0N6TXRyWnc1bk1IOTFYak1wR1BfTGJnU0luVE5OOTRmRmo2a0FPMF9RNTdJTTRaVXNIcGZCVVIzUkp1T0dZZw?oc=5
2026-07-26,MLI,Mali,Sahel,,Evenement : coup etat,aggravation,4,"Tentative de coup d'État au Mali, déjouée ou contenue, représentant une rupture majeure de stabilité politique.",GEO-MLI-f79d51ba39dc69ba,https://news.google.com/rss/articles/CBMilgFBVV95cUxNaWhudnN1X3ZlS3BTYlFSeXhlc09ULXk5OVZRc3h5WlRZZ1dNVXR4X3V5Uk9fbzBZSnlsUEs1N0hBekh6SktwT2dlOXFldzVJVkhiRXZFVlVnSmFBakl4S01hMGhhNmVMNFk0R25RT2pZQ2ZJcDlSQVZraTk3cGQ3eGtMdkotUElDSThEX2RNdDZqWTVQa3c?oc=5
2026-07-26,MLI,Mali,Sahel,,Evenement : coup etat,aggravation,4,"Tentative de coup d'État au Mali selon le groupe Wagner (Africa Corps), avec accusations envers les puissances occidentales.",GEO-MLI-cedd8c4e651de1dc,https://news.google.com/rss/articles/CBMiyAFBVV95cUxPTG8xbmZ3N3hNbkVpVDNDVXIzTzNDYllzbVJudVVMU3FhbHB1ZV9fc0FFY0M3TFBzXzBTX19kMlR0NHE4WEJLWjljNkV4NzNULWpjRGp3Y2lMaGpsNDBmWmlvNWwzU0VLbG10VzcyVGJQR1lPVkxlSkZFNjFtR0hQbGQwTThxQUttTExFdWpPd3Z6aVFua0lDNXhwZ3hETl9pTGNIcmZlQlJKTWxPQ25GVmtBQnVKeUdvN0xMal9WSm4tZFhZOUVUOQ?oc=5
2026-07-26,MLI,Mali,Sahel,,Evenement : coup etat,aggravation,5,Tentative de coup d'État au Mali avec mort du Ministre de la Défense,GEO-MLI-2dcd5852ad59b213,https://news.google.com/rss/articles/CBMiuwFBVV95cUxORE1NODF2UnpLaldyLV9XeG1wNmlrX1hjTXZtX3RZTTZKY3h3d1FUanlaUGhGNlVWS3FTZ3ZJa2NBMktTa3FjSGNIS0pnTjNoYWxUTjJmVzFkdnhHUzNYTVREc1NGY3RfdDhzUGYxRkUtb3lZWXI5MnJlMUw2bklrMHlmdWxGRlJRR0hkOUtRQW1pYlg3YkpKZ2lXdzlRZnFVdk42eC1hS25XRUhoYXYxbWJSQkJRM3ZLNHVv?oc=5
2026-07-26,NER,Niger,Sahel,,Evenement : coup etat,aggravation,5,"Le leader du coup d'État au Niger maintient le président Bazoum en détention alors que son mandat présidentiel prend fin, situation de crise politique majeure.",GEO-NER-6e4611d6974e112f,https://news.google.com/rss/articles/CBMipwFBVV95cUxOakFTandJbFN6M0lCNG5xUEtPQVA0Z1daQ2NIbU9ueXd0V2Y5SjlDdUFiTmlrcTlud0EydVgyeklxbzRVd1pOM2lGY190dXhldkZhLWdRVkpIcmEwY2hFbUd6b2x2RFdmS1pKYTZ6LXliUmhpSEstdmRLZk4wRFBOODFzQTdnNTl2X1pnQUloT0VaOW8zWUduWV9Xa0ZwOUhKMzRKYThlUdIBrAFBVV95cUxNUGJSNlJXN05JUjh3VVh0UjN5UXEwRmQyNnVsTFBwdzdKN0FWNlJwSnZrVktraDhrWk92TVVqbnZKbmdkdUpScDVJampjRFcyVkNfMWFKaW1oZlNVMl9mM1NZVDlvSXhrUXotbUNIaFRDejh5aGpIMmMzZTJGTTRqaDh1clhnZUxiZG8yUmZrNi1ad1ZnZ0lJcEJvRkdQSG0zME5FQ2Y5Y0RSbnpI?oc=5
2026-07-26,NER,Niger,Sahel,,Evenement : tension diplomatique,aggravation,3,Visite du président du Bénin au Niger et Burkina Faso suite à des tensions liées à des coups d'État dans la région.,GEO-NER-74e6024bd5ce4267,https://news.google.com/rss/articles/CBMijwFBVV95cUxQXzhZOVozRDVUX2RMVjREbFFxaWFFTDNXTHc4MV8ySEFvZ20xeWl4SkdISUZTWnRxd3l2aDRHd2RKZDlsckJNcUFSNGJuckZaMG43bDAzN2JYYVFsbDdjOE5Rc2lheWJOaUVHR3E0NHFqY2NkS2MyakdjbUJmcWw1NDJPWGh6OUs0UHVpRjA3cw?oc=5
2026-07-26,NER,Niger,Sahel,,Evenement : evacuation,aggravation,3,Étudiants du Niger bloqués à Jos (Nigeria) demandent une évacuation d'urgence suite à des attaques terroristes dans la région.,GEO-NER-ca89f85710e4cb1a,https://news.google.com/rss/articles/CBMivgFBVV95cUxNbjRTY2R2ZG81XzRHdmlZRVhlbmYxNXhIekpNR0Y3Uy1kM1NZanhHWmV5TlY4amdJVjN3S2Z4YlhWUXQ2TlRqRmItQ3d5VVNNdmxMcEczLVBBN2JHOGxaZ0tsSndTSjJxU2xIMkdRal9tY2hBMFVxSHpjbkJZQkpaMVFtTkV0bDVUOE9TcEZwbmN5a0pEbzV1SDZrbmt5bHFvZUV6V01oZ001R3ZlRVp2cWZNa19nSEtENWp2VjVB?oc=5
2026-07-26,UKR,Ukraine,Europe de l'Est,,Evenement : violence politique,aggravation,5,"Attaque russe massive à la drogue contre l'Ukraine, constituant une escalade militaire majeure.",GEO-UKR-08368943b247f122,https://news.google.com/rss/articles/CBMiowFBVV95cUxOM2x5bVdESlkxOUdPVmMtcjJrZVF3X3FYZVAteFZ4R3EyaGg5M09KbkVfX3p2V3BHS19kTzMwUHRRc1labGcxN3ZneHoxelpmRXYwVUdEd3F2S29TRmFobDZTemw4WVdGeTFwblhaOXVZUFZ5U1NqeEc2Q1FUbWtKbDAwM2pJMi1vYjRsbWV2VzhjclhHRk5CV2FfVmJ0NkxkNmtn?oc=5
2026-07-26,UKR,Ukraine,Europe de l'Est,,Evenement : violence politique,aggravation,4,"Frappes russes massives sur l'Ukraine rapportées comme « terribles » par Trump, indiquant une intensification des opérations militaires.",GEO-UKR-e16b7934a10733d0,https://news.google.com/rss/articles/CBMisAFBVV95cUxQakdkRTBRcTZYWnRvaWxpZXo3NG5xMWdWb2tyQ2x3T1BMc2ZOUmM0NGpQQzZoMkh4aU9rTHdvcTZWQXdlZ0VIeEFxRHI4d2VGdFpNeVNrbFRUckpCZTRPaVFKNHNYdElpYWpwTS0xYlpHM2RJY18wUGJMX0JUTm9DdTR1ei04RWxWQWx4QjJpV1lJTm5hZmJhUUhkNmxuQ0lkelR5aENNUzlxb0FBWVNjUw?oc=5
2026-07-26,UKR,Ukraine,Europe de l'Est,,Evenement : violence politique,aggravation,4,Explosion et incendie dans le centre de Kiev durant le conflit armé en cours.,GEO-UKR-615e485462def41e,https://news.google.com/rss/articles/CBMijAJBVV95cUxPRFpiSHRxOVJqMWVNSDdSbnU3VzRuRU5qTWw3cnp5VmV1T19ucW5MMmdBbmthcHZDUmw5Z1BkaUprLVRkaWtRODhRdWhVQ3pPc01BeElZUEotNURUU2swcXg0U2I0d2hGdkNNNFdITG5EYUlHam5XaTh4SVR2RWkxZE5VLTlTMmZYaWZuZ2M5SWg3MnpYbUlycEZCRVpkVTMtaDdnbFFTcGQ5UlBHcGlzVWlJdV83dXQ4a1dVSThkRlB1aGJMVzhQUUI0d3BxSnJkNW9jZHM3dlFoU2dZanZUSGljT1VhV3lfcFN1dktXSHhiY1czUktycDZtVWZqVFFxOTVsdTgwU0p0WlFK?oc=5
2026-07-26,UKR,Ukraine,Europe de l'Est,,Evenement : tension diplomatique,aggravation,3,Poutine déclare que l'OTAN se prépare à une guerre contre la Russie et affirme que la Russie est prête à répondre à toutes les menaces.,GEO-UKR-b26676248d3b927d,https://news.google.com/rss/articles/CBMi5gJBVV95cUxQajYtcHJVd3NXWkluU3p2VmVSZHVsTEFpcHBvOEhQakF2NHlSOGFPbXlyWTd6T1h2dmk0bXJ5ZFNZZWVoWW01YVl5RU5WV2Q1dm5FRHJMQ2pKZlBacnpaTTVxS3R1cDlLOXFVaTlpTlVaRHhscHNpZWdQbVdKei14LXlBOGRmbjlxeWZQRE8yaVRqcFNDRlM1VTZ0MXNicER5UTg0MUJHT0RhZm84cTctcDV2NjRkRjJPMVN4Tzd5TkUwMHExeEpjWUQ2MFNyeUlJeERETWNFRm9vOEgyOUtTdm9CSDVMVm95b25GR0x4WWotajI1Y29yOE5yZHhBdFhZTVFMUGE1eTV5eUdtR3JkTGhoRFpOMXdBZDZxLVhpYURCLTdwMHFVTEUyM1BuSGR1ZGRlSVZUcjcxQ2FydEJxOEJ2OWk0b3dfYmhuNlloSHR6LVZsRVJyLVZteUdWYmRkZTdlTUlB?oc=5
2026-07-26,UKR,Ukraine,Europe de l'Est,,Evenement : tension diplomatique,aggravation,3,Ukraine frappe des ports pétroliers russes ; le Kremlin accuse l'OTAN et dénonce un risque de coup d'État en Hongrie.,GEO-UKR-4e2d0012edd0461e,https://news.google.com/rss/articles/CBMirwFBVV95cUxPSnA2a3V1ZjlYOHZGYmFCbWVaalZBVWlDTTM2enUyUXFpVHJuRHBtSWRhZXUwelNMbk5PSmlsRmFHdUpCbjZZU1dGck4tVG5nREZmVEhPekhnYnRSamVtMzc4M3ZMdU5vQjZBcHF0T2E1dnByS0FKSHd1ZmllcTBmQldSRVdiZkFmTHpveGowS0NiRGlia0YzUm1OaWtDMDNfRmVJZEtXSEFLakE3RWhZ?oc=5
2026-07-26,VEN,Venezuela,Amérique latine,,Evenement : coup etat,aggravation,5,"Capture de Maduro et transformation du Venezuela sous contrôle américain, rupture majeure du régime politique.",GEO-VEN-d5af8b76b64b183f,https://news.google.com/rss/articles/CBMivgJBVV95cUxOdG54N0VIRUFMS0xjVElndGlnZkFTaWlaVFZ0OEpCS1I5Mjh3bU9nVVIwX2ZDY25CN3RCVGdyY3FUellMeGtFTXlQY0NfVGpTR2RISkQ0bTl2dkwtaGNBOEF3TDhjSG1jeG95ZnRvOU9tNlVfLU5ackdhZmdGSlBlSUpJeWhVWE9jSlpFaU1zQ2NId0pWcldseXFKVmoyZ2VlYU1KZVVMNnM0UzA1dDljYi1fUEpCc0xVT3VyUHFqR0R1RnpxeUdtMkpwNXUyUVQyQWp2bC1YQ04zY3lsbW9VZXhuYTFjUVhlN0JGT3FudUdzTzVxWHphcnhrS3BhUnJVWldSVjdtNndqTktta2lJa0xHREpNZk5BSzFob3VrV01tQ1JxMl8xbUZVdVpvTFV3dnJrSUNWLVZKVE5rLUE?oc=5
2026-07-26,VEN,Venezuela,Amérique latine,,Evenement : catastrophe,aggravation,3,Séismes au Venezuela ayant endommagé l'infrastructure aéroportuaire majeure de Caracas (effondrement de plafond).,GEO-VEN-77dbd7e2c7105ae2,https://news.google.com/rss/articles/CBMi9AFBVV95cUxOTjJJaXlwdEpRZjZoTXdVLWJycEM3Y1pXcGUyMXNGc2dqekxFckpuY21MREh5X0IwY0JkZ1ZjNVB4YTlkMXBJaGthTURzZElremFFZmpwcE5KX3FEbE5LcjExY2dIczNaRGdiODNxMTBlQUt2MFhqZEE1RXJmVUxWbjNTdENacHE4THhwR09vUEN0WmhsMUFNeVhUT3NyLTk0YlVtTzRCYnlPQVRjSjNLRFAwN1BSX1liem5DMFJTRW45SlcxamtnQkdfTVN4UWVNTnQ3Vk1UZUtON1lvWWtYWTh2ZzNTNDVTbDBlVXJ0dEZWaU5z?oc=5
2026-07-26,VEN,Venezuela,Amérique latine,,Evenement : coup etat,aggravation,4,"Article évoquant un coup d'État au Venezuela impliquant Trump, suggérant une rupture politique majeure avec implications géopolitiques.",GEO-VEN-c365d2962de61c7d,https://news.google.com/rss/articles/CBMingFBVV95cUxQYnF4VW9pc1NPRVpfVWNlSTZLbWZDV3U5V09kZl85RHdyYjQ3SDByUjRhTEdraFl1YjFtbUFYMkhObU9UeFVCNnlSamVoaVhBUVc1R0xWM3lwNXFDTHN6ekJ1aG5HcUhYamFDMjQ5MXZ4RUt4c3VyVUFrYVV0WGRBbm5KZFE0d3dJV2I3SXNQY2RfYmcyMjB2eXNacUtoZw?oc=5
2026-07-26,VEN,Venezuela,Amérique latine,,Evenement : tension diplomatique,aggravation,2,"Les Marines américains conduisent un exercice de réaction rapide à l'ambassade US au Venezuela, signalant une préparation à une possible escalade de crise.",GEO-VEN-ec834d14fc2f96e4,https://news.google.com/rss/articles/CBMipwFBVV95cUxPUzhtcXhLN3E2UlctTkMyLWZIQVB5UV9FS3BrREliR2JfTFNDTXpiMEVxM0ttdHllb3c2blNfQ3JHdWY5MUVzZUpMSmRWUU0xRElZNHVhWDhiSUNndjI1aTdKczV0ZzF1VS13TzRvVWt6N2ZHTGp4WlEwSDV4SGlLQXVIckIwR193eTJnYW1sZXV3cm4tSWo2WmRIM0Y0UjVVdHRtMVI4cw?oc=5
2026-07-26,VEN,Venezuela,Amérique latine,,Evenement : tension diplomatique,aggravation,3,"Les Marines américains effectuent un exercice d'évacuation simulée à l'ambassade américaine au Venezuela, signalant une préparation à une possible dégradation de la situation sécuritaire.",GEO-VEN-9e2190ee1c04f434,https://news.google.com/rss/articles/CBMigAFBVV95cUxOTU1fOEJWR215YkpOQklGQXNzX3N0bHdjQmtrLXVlX2RnY0Vwak83R2VYbXF6WjdaUVBrTVFjMFFTQ3pJWjlYWGlEV0FSWHJiM091eHkxbENrSVBHUi1obFVjSlB1TTUwQUdhd255b1FhOU9ybGNWdmNLa190Njg0Zw?oc=5
2026-07-26,VEN,Venezuela,Amérique latine,,Evenement : tension diplomatique,aggravation,4,"L'administration Trump envisage des actions au Venezuela et menaces envers Cuba, évoquant un parallèle avec le coup d'État de 1954 au Guatemala, signalant une escalade diplomatique et risque d'intervention.",GEO-VEN-c20b1b6da318b3f3,https://news.google.com/rss/articles/CBMiqAFBVV95cUxPRXZTN2RoTHRtY0lGY1Jzc2cxNV90UmI4MWVlczM4dU1CWS1iU24xQmpJTDRvdzFaS0NjYTV0RGxKODROWVpJbFAtenZrY2dNTmlDZTJnNm9QeEU5dlg2aXRORFBUY3g0SEVtQ00yN2pycXlUdlRCbGtnR1dTc2wwVWpZc0FWcnB2OU9lYkJNV0xuUjU3UUxsVHpxMUVmMDFybkQyY2t4dHk?oc=5
2026-07-26,VEN,Venezuela,Amérique latine,,Evenement : catastrophe,aggravation,3,Tremblement de terre au Venezuela ayant causé des décès et des appels à évacuation de ressortissants étrangers.,GEO-VEN-d1db05ce3ad332e4,https://news.google.com/rss/articles/CBMi2AFBVV95cUxPZVA2elNDcFhoenBxZWhYRFdmNVVnWWRpTXYzLUxTS2tvc2hlRThDeVkwTkFlRnZTYnFTVTdDTTdWYVhoYXU4WmtMWVo2cEZCaWhlQTg3Yk5GOUcwamxid0xKc1BnUWw0ZUoxWThJemo5NjZoVEhYb2FvSGJrZzR3M1hremw5ejNvbmhEbThRVUlvbFVsbTU0V3FBajlEZ1NoNVVWY1pUS3JNWGkxRGVTNVhsYWRlUk9kdHk3OUx3cXZIekdza2RBVGtrQnd5Z0IxWWRPbUJteELSAesBQVVfeXFMTV9SVGx6NEV2OHBkbXNsOWRKWUJXRl9qVGN3YlRJMXdWa2hyLWFzMHRFWXJKLV95Q2RNX2hHY0RfeFFfdE5QaEt3TGJVSzhIWXFod1pDMy1hdjJ5aU5sdlBTdUVWdmQtaHpBVnZybFZwTm1VbEFxNll4Wl9SVVJtOGx6bXhMeWZNaDFmd216V2d0OGlXeU50d1BoeHRsTUpEemV6YUYtVVhFc0l1MHJKRG5OVS0waXdiT0xRczd1TXhIYzV6UkJ4Qk1DVXpRakRNMzN2ZlJ0LVk0dVBTZWxETkRMYllSR3RVOGppdw?oc=5
2026-07-26,VEN,Venezuela,Amérique latine,,Evenement : catastrophe,aggravation,4,Tremblement de terre au Venezuela créant une situation d'urgence humanitaire et nécessitant des évacuations de ressortissants étrangers.,GEO-VEN-aa02105b76e53c7e,https://news.google.com/rss/articles/CBMiwgFBVV95cUxNZ3JpWk1WRDg1RzZTWThUMnl5S2x1Wjh0Yy1oM09hN2JKbWh6Yk1XcEp3ZWotZUtGc0U5aTh2U3lJb2dEbzBoa1hqSXk5Yl9wa0I1VzdiVGF4SG96YTJ0RFhnRzRHMXEzVGNQNDV5eUdVeVVReTNEMkpIN1FyU2p6VXJEdHVMS3RMdF9YR2ljZUtWU3Y4ZHVwdFZZX1gyenVyc3VrQ2VMTHBVQ0lOZTI4MHVFRHNwZUdSNy1wd3ZwX2ZhZw?oc=5
2026-07-26,VEN,Venezuela,Amérique latine,,Evenement : coup etat,aggravation,4,"Libération d'officiers militaires accusés de complot contre Maduro, signalant des tensions internes au sein de l'armée vénézuélienne.",GEO-VEN-12756875df75d432,https://news.google.com/rss/articles/CBMizwFBVV95cUxNMFBFbzFGZkU5cGN3S2NnV01ET3FrVFhUUkkybFRRdHcwTTdud0dQbTdaemt5T29jRWQwQmRQWDhhX21seFlTdDJGQVpTQVJpMVVIU2g3UDg0SUJFc01UZmZlRGRTMUhrWGZPTmJSd1Y0SHZWUWV1UGtzUnJGSHR5VUNRS1JHWllzeW1Rd3U5dVVRN1ZCX09rUGJYdUFDMjdiTTFrc1dwM0pCZUFsOENJUVB5S1Y2UF9oNTdNWHJxVXR3bTU5VFY2Z09MQkF2b3M?oc=5
2026-07-26,VEN,Venezuela,Amérique latine,,Evenement : coup etat,aggravation,4,"Libération d'officiers militaires accusés de complot contre Maduro, signalant une instabilité majeure au sein de l'appareil sécuritaire et une fragilité du contrôle du pouvoir.",GEO-VEN-ca9ff2f68cf7d803,https://news.google.com/rss/articles/CBMingFBVV95cUxQbTJwbk1sUW02VS0yQ05RU0JLYThhNUItQktWOG1RdVVSZXViYXhMOGMtSU83Qk4zZXdjb1FBN2lBelRleEkwNFctUW1yZmRIdFFqcDllRkJUb2M5aXdFeGJnR1JLTUo1b0NDZk1CUnBVVUd4MnR4OExVMUF2S1AyQnVPTDlyd3hXUWFYbkI3TTdIdHI1Y1BsbXVFSzZsZw?oc=5
2026-07-26,ARE,Émirats Arabes Unis,Péninsule arabique,,Evenement : tension diplomatique,aggravation,3,"Suspension du plan d'évacuation de l'ONU pour les navires du détroit d'Ormuz suite à une attaque, affectant les routes maritimes critiques pour les EAU.",GEO-ARE-726d2400d8ffa340,https://news.google.com/rss/articles/CBMipwFBVV95cUxPQUU3Z1FwQTZHSU5xanhyWmZjRVd5QVJBM0lwSTBtaWdEQnBCZUxob1hFdE1JeGpPaW1HVExzeW5nZFJ1SU0wSlY2T1JmcnU3SU5aTHFzMWY1SHdvaTJJZTNWUkp6Y0NueFhUMzg4NVcwV09ZNGVOb3pMSjNCVkxsTVN3LWFCdTVDTVg4QW1WVjJkNWJZcElJS1pPT1lKdnZhUU5yUkRlZw?oc=5
2026-07-26,BOL,Bolivie,Amérique latine,,Evenement : violence politique,aggravation,4,"Décret d'état d'urgence en Bolivie suite à six semaines de blocages et tensions, signalant une escalade des troubles civils et politiques.",GEO-BOL-5da5dbef030f12d2,https://news.google.com/rss/articles/CBMingFBVV95cUxQc0o5d3dIdGRETENGbkp0X0FvWHhqQ3JsUV9kb1c3YzJIYjBtRVpOcDg1M3N6bTFFUGNNT3V3di1OMHU2RkIwVndyWUgwQ2syNTE2SVpuRFdWTHk5ZXNkUERabnotUTBOLUJpUXBtT0Y4N1l6ZHEzZ3Y0eU13aUpOUUR2alVxVlhwaE13VzFhX2FuY0Q1cnk3d1VjUWE0dw?oc=5
2026-07-27,BFA,Burkina Faso,Sahel,,Evenement : tension diplomatique,aggravation,2,"Les autorités du Burkina Faso interdisent la diffusion de TV5 Monde pour désinformation et apologie du terrorisme, révélant une tension avec les médias internationaux.",GEO-BFA-858707d580156b7e,https://news.google.com/rss/articles/CBMi3gFBVV95cUxOZnlFQXVJRDJmaVVmMkNSUk5Bd1o5bjg2WVhRbm9QTldaZk5zRnByTVdvbUxGcDFxdVZfdnI0LVp2c3F1bWExM050RlJ1ZXJRVTE1c2NFMTBZR2RsWkZFLUhmRDlvSjNLSXJqbTFMSjVXejRKRU1yb211d1ExcXdwTTR6ZGNoWFUwZW9peVB4QlRROWRwVEJHQ2dDUFpsN0pvNkhaaGZYbU9FZGRDSXU5RGhGeWg2c2dpR3hDZ1gxOWM5SklfVHpHcDNUbWhoZ3ZmLTdqd3VTTXVSSDhUUFE?oc=5
2026-07-27,MDG,Madagascar,Afrique australe,,Evenement : coup etat,aggravation,4,Arrestation d'un colonel accusé de complot contre le président à Madagascar.,GEO-MDG-86c180ef7dfa26f3,https://news.google.com/rss/articles/CBMizgFBVV95cUxNSUt3UHA2Skh2and6ZklnSzNOSzNwWjNjMXYyNlJiRlpNankxQy1DaEN1bWZDSFo3UlZJcW1pTWkzN2NQMDhWUVJmcGdrOGxId3dqMUNjVkw4SjVHeWxoOFU1WGhiYzU2eWJIN2pIWFRPMHYxd01HN2tfbWNGcXZXVnRRcDQ1QTBzdFBndUw1eW9TYWFzUzgxSHBHOTdzX0VMRmlGQVZuR2VMZUFEaUYwUkI4UUx2MFhIQUNscmhSZWcwd1llbU9PckdfNDlhQQ?oc=5
2026-07-27,MDG,Madagascar,Afrique australe,,Evenement : coup etat,aggravation,4,"13 personnes, dont un général, inculpées pour tentative de coup d'État à Madagascar.",GEO-MDG-f766a81379f8d2c6,https://news.google.com/rss/articles/CBMiwgFBVV95cUxPYU82dVdVTWFQWUl0eTExX3VabE1ta3NGZWdkelJRdkxCMWNVNlI0YUxKYmVieEN2Z1VtcmJWUEw2eXl3dG91clh5OUQ2TnMxNnRTMDhJeDNSbUlLUXl2Z2VESkQzNW91N0EtNVBwQUxFOXZWa1MtS0ktcWhpOHVsLUNvQ2hJWUNOVjU5bXcxVFFkbFRxZHdUbzZ6alVVakZ5T1Ayay1OaDBIQXRudHBHRXhLTTAwd0lRTnk3UFdkQVR0Zw?oc=5
2026-07-27,MDG,Madagascar,Afrique australe,,Evenement : coup etat,aggravation,4,Coup d'État en 2025 à Madagascar suivi d'une augmentation significative de l'aide militaire russe.,GEO-MDG-3a170ca351ecdb16,https://news.google.com/rss/articles/CBMinAFBVV95cUxNS1RCWHpBVkhUbzRDWmNLQnRNbmJXdnlkTzNneHU0TzBmdEVXUHdqR2xGbzdTSzFndFc5U1R4VUFWTXdibVQ2UDZ6ZmRlNlZWVDl5SGpuS0N2ZTh3Q0ZtQkx6cDhtVGZBdWN1UXhVeDNDLWJzQ3ctLU9ucmc1T0ZxcC1qSDhFVXc3anJVaG1LbnBnVmVjWkVjN2stMm4?oc=5
2026-07-27,MDG,Madagascar,Afrique australe,,Evenement : coup etat,aggravation,4,13 personnes dont un général inculpées pour tentative de coup d'État à Madagascar.,GEO-MDG-b74e1084d753b906,https://news.google.com/rss/articles/CBMinAFBVV95cUxORUlndmY1VFZSeWZKTElIbHU0UnRObWdtUzh2S091bE1DX09jZEhXUGZLQmhHOF9lODExQXFlLVF0UjlVd0pWMUFnRWM4RzJvR0NqeGJUTTgyZ3ZQT196am1QUnpDd0F2NHlxS2p3R3BObDRvRDlxa3ljeUlFa3h6Z1NJVThFaWJNQlRXbVhON1I1dkk1MmVPOW9rTEnSAZsBQVVfeXFMTmU0bTJ6QkxyaFJ6MUlGNmFJZlZWN0Nya1NBX2h5bzJPcTN2ZUFTWExhRUZxNjFXQ3MxZWNheEkySEhsN01YZkF3Y0FoVXVvVm9NMVJJUTd4MEZwUFc5MGlUd25uVVFKWGN0QUhrM1E0OENuUGVrVWlWTldUdkVadC1FcWNtZUl2RVlEd1E4b0ZKWEFrNWhMdkdnS28?oc=5
2026-07-27,MDG,Madagascar,Afrique australe,,Evenement : tension diplomatique,aggravation,2,Visite à Nairobi du leader de la junte malgache soulevant des questions diplomatiques sur la cohérence de la rhétorique anti-coup du Kenya.,GEO-MDG-8af5f53eab8a3cdc,https://news.google.com/rss/articles/CBMi2wFBVV95cUxNcmFuMDlXcE5oNVBjRmlnVXNScDJ0WjhfaHpOOW9SZjdOMm9fbVFyaVBydFRqNHJNaU90c19WMHhrV2g3UXpuV3QwNk1obGhoNFlpV1hLYnVnLW5OdmIyaDFITkFlWVRneGtsYVRyNnBTWFNqOXlwU2ROTGNld3pDOGZVa1NyWGh1WWVlTW1PV3RzaE5hWmV6T0JBZl9fUmJRNUw0TngwUXB2Um5hOWFQUFNyX2NoTE5JZWJUdEEyUzRGaEZRWU1GUEloYzIzaHQxbjJ4azBQX3dhZjA?oc=5
2026-07-27,MDG,Madagascar,Afrique australe,,Evenement : coup etat,aggravation,4,13 personnes dont un général inculpées pour tentative de coup d'État à Madagascar.,GEO-MDG-cebeb44dc8dd3a97,https://news.google.com/rss/articles/CBMiW0FVX3lxTE54U3hSUUdkS2M5RHNWS1ZndWtnS2hTOWtkWVRSR3JOcmRxTzBLTnRqQjNweDI0OFNMQWM1VFc2bU5Lemg3SkVQdi1VaTJrbzNxTnBZcjZldUItRjA?oc=5
2026-07-27,DJI,Djibouti,Afrique de l'Est,Tout voyage deconseille (certaines zones),Tout voyage deconseille (certaines zones),lateral,4,New information about military activity in the Red Sea area ('Regional risks’ page).,FCDO-DJI-2026-07-27,https://www.gov.uk/foreign-travel-advice/Djibouti
2026-07-27,ERI,Érythrée,Afrique de l'Est,Tout voyage deconseille (certaines zones),Tout voyage deconseille (certaines zones),lateral,4,New information about military activity in the Red Sea area (‘Regional risks’ page).,FCDO-ERI-2026-07-27,https://www.gov.uk/foreign-travel-advice/Érythrée
2026-07-27,GEO,Géorgie,Caucase,Tout voyage deconseille (certaines zones),Tout voyage deconseille (certaines zones),lateral,4,Updated information on the political situation ('Safety and security' page),FCDO-GEO-2026-07-27,https://www.gov.uk/foreign-travel-advice/Géorgie
2026-07-27,UGA,Ouganda,Afrique de l'Est,Aucune alerte particuliere,Aucune alerte particuliere,lateral,0,Updated information about a new monthly curfew (See 'National cleaning day' on the 'Safety and security' page).,FCDO-UGA-2026-07-27,https://www.gov.uk/foreign-travel-advice/Ouganda
2026-07-27,MOZ,Mozambique,Afrique australe,,Evenement : violence politique,aggravation,4,"Conflit armé persistant à Cabo Delgado au Mozambique impliquant des groupes insurgés, générant des besoins de sécurité pour les entreprises présentes.",GEO-MOZ-ba0cec82c927ec54,https://news.google.com/rss/articles/CBMipgFBVV95cUxNTml6UVFxdlp6dzNoT2xISUE2N21YOGZ5b2xLQkVUWm9UZFBVT1Z5MHBFZ2swMWphc0xySnRJY1FyWWd2bmhSLUNMNWxZeW5hMFJnX3NmV2o1eGFsUXNNNlQ5bmZ2MlFTODZ0eEI0bFJCR2JhVkpSdlAwOVdodjc4RktvekVuNTJNeHRCMF84NGg4YXJBaDRpT3dIaDBnWmJQY2w4djNn?oc=5
2026-07-27,MOZ,Mozambique,Afrique australe,,Evenement : tension diplomatique,aggravation,2,"9 ressortissants mozambicains tués lors d'attaques xénophobes en Afrique du Sud, créant une tension diplomatique bilatérale.",GEO-MOZ-782cc438499c4054,https://news.google.com/rss/articles/CBMiswFBVV95cUxOVlNnQTlzVU5haElEdDhEbUtPUEtVT2dBTmlxc0N0dVA5a0dxcjdjcnY5cjl2Vm4ybUtoWWZTQ1AxMVU5bl9qT2hEUDNCY0ZBT3hYVklCYXFMd183YWR2S19ZWHpyMFRITHJrVVFBbEltWGdMTHlzSjhKUzJKek5TbTV0NHllTzRtUnIxb29pTHhRbEdjcmdCQzJjMmZHR3RNdktDWG5qdkpHakZOUjhmV04wZw?oc=5
2026-07-27,NGA,Nigeria,Afrique de l'Ouest,,Evenement : violence politique,aggravation,3,"Elimination d'un chef de l'État islamique au Nigeria lors d'une opération militaire conjointe avec les États-Unis, indiquant une intensification des opérations contre les groupes terroristes.",GEO-NGA-05992fb14c002efc,https://news.google.com/rss/articles/CBMi-gFBVV95cUxPeVpMSDVQX0pKY081eDlJZFZrMUlqQ3BpYzlwWXZOQ3Z1RnNMVFJZTWpncHR4Njd5X0FHTkZ1ZTAwX0VTdU1FUWdaTkRlbzZ1UEkwUkU3c1gzYWZsYUF1cGhWYWVCaUZVQXFGeFNXbVFGVWUxNm5OTDROSk1nTGtoQW9JNTNhdTc5S0R6LVVwckUwZ0hPRnZ6UWZUa3lPWXZncHViejQ4ME4tT0ZibEtwYkkzOU95NjdXVjU0ZG9mcXpuZTdkZ3lEcTFWU1VEZnV5bjZzOENKbUdIeHRHcDZwNG9QUW1fUmN3d2U1Q0J0RnExZXpqX1FIN2Zn?oc=5
2026-07-30,COD,RDC,Afrique centrale,Tout voyage deconseille (certaines zones),Tout voyage deconseille (certaines zones),lateral,4,Removal of information about protests planned in Kinshasa on 22 July ('Safety and security' page).,FCDO-COD-2026-07-29,https://www.gov.uk/foreign-travel-advice/RDC
2026-07-30,CPV,Cap-Vert,Afrique de l'Ouest,Aucune alerte particuliere,Aucune alerte particuliere,lateral,0,Updated information about travelling with medication (‘Health’ page).,FCDO-CPV-2026-07-28,https://www.gov.uk/foreign-travel-advice/Cap-Vert
2026-07-30,GTM,Guatemala,Amérique latine,Voyage essentiel uniquement (certaines zones),Voyage essentiel uniquement (certaines zones),lateral,2,"This travel advice has been reviewed for accuracy with minor updates made throughout, including updated information about crime, buses and coaches, alcohol laws and bans and driving rules and safety ('Safety and security' page).",FCDO-GTM-2026-07-29,https://www.gov.uk/foreign-travel-advice/Guatemala
2026-07-30,HND,Honduras,Amérique latine,Aucune alerte particuliere,Aucune alerte particuliere,lateral,0,"This travel advice has been reviewed for accuracy with minor updates made throughout, including updated information on airport tax, crime and violent attacks against vehicles ('Safety and security' page).",FCDO-HND-2026-07-29,https://www.gov.uk/foreign-travel-advice/Honduras
2026-07-30,BFA,Burkina Faso,Sahel,,Evenement : coup etat,aggravation,5,Coup d'État au Burkina Faso - rupture majeure du pouvoir politique avec implications immédiates pour la sécurité et les opérations commerciales.,GEO-BFA-5f16d3d5afd3b65b,https://news.google.com/rss/articles/CBMirwFBVV95cUxPbTFHeFVkRXQ0T1hUMnJYajZlT3dzdTdGLUpybGFEMldOQXJ2XzdmMzVTNVdrVnFtcjg3Y18xejhQZUtrZm10eENKWHNtaEU3ckwyajZaMkMyWWxxWVBILUZSQ05pdFFDMGF5UkVkd1l6NFdMYk5PSTlLbmpLdEdLUklySlcwbzY2VkNXMjJ1eHJHM3U0dzRpekhsM2xfZ3pnRFpiZHAzdGN3TDZheDBV?oc=5
2026-07-30,UKR,Ukraine,Europe de l'Est,,Evenement : tension diplomatique,aggravation,4,La Crimée placée en état d'urgence suite à une escalade des pressions ukrainiennes contre la Russie.,GEO-UKR-60a02a318370db9c,https://news.google.com/rss/articles/CBMigwFBVV95cUxObnU3eng4Nl9BbXEzQmRqbjFRYi1CVDY0OHRjX2VJUkRlNlpZV0N2bjRSVDJjQ1dxWFJxekdKUlhVUFZxdlNycUh0UHZiMHlzdzN6M1liVVhMQlVxMGpmQkdjdVlBMjE2WER0TnpFR29qbUhuRjF1NUJMSk9VRV9CNkNTaw?oc=5
2026-07-30,MDG,Madagascar,Afrique australe,,Evenement : coup etat,aggravation,4,Tentative de coup d'État présumée à Madagascar avec arrestation de personnalités impliquées.,GEO-MDG-0617b11a21e5e24a,https://news.google.com/rss/articles/CBMi6gFBVV95cUxQdkNLLUw4cTZaQjJZRVR3MHdSbVo0LXJ1eEJMWTlVSzVURzEzY3BJa3N2UzBydjZYUlUteGsxMUVXWFJ4aEtmR0NrS2xRdW10QnRDOWdReHVnOGlKb2RNNXo5dWhzN3B4cmVWWC16UHlKZEE2TGtfY1I4U2t4NlRvWTRKb2s5Q3VDRFpDbWtlaHh6ems3a2RNcGJLYnZKVFhCc0diaHQyM2QzT2Q4OGVjSWRLX2tXNUdKYnVGOTB6UjBxTnVHTVV5S19weXVHNHJnemZEeWRpZ19PdE9VcmNhSkdZdjFPamxYVkE?oc=5
2026-07-30,MDG,Madagascar,Afrique australe,,Evenement : coup etat,aggravation,4,"13 personnes poursuivies pour tentative de coup d'État à Madagascar, 11 en détention provisoire.",GEO-MDG-b09bf2e9c672c82b,https://news.google.com/rss/articles/CBMi4AFBVV95cUxQU3hKVzVRZ010cm9oZFJDWFZYM2NucU1OdnpidXAxa0RoajRGcEltTVI2SGRPQW5JZEprVXBvSmpxVzIzTlNvVzhZVWl1cUlBNWlza0FOV0VORTliRHo0ZWVHbU1XRlZDcWlJNmRMZmRqNnB1XzVuRnhITHBkeWRNZmU0TXg1SXczakNFdGRoclVtQ293Rk1pQkQtV2VhUHYyWUQyelB3ci1maHd4VUxGZm5HRUdyb29iR0dtSUw4ejZIdHpyVHRUR3pNcFJMZ0c5Z3hOYjdGSUxMOWtKam12UQ?oc=5
2026-07-30,NGA,Nigeria,Afrique de l'Ouest,,Evenement : violence politique,aggravation,3,"Élimination annoncée du n°2 de l'État islamique au Nigéria, opération contre la menace terroriste majeure dans le pays.",GEO-NGA-18f2deb5588096ec,https://news.google.com/rss/articles/CBMi7wFBVV95cUxQTFRrRjZ0RXkyMEtiMkpmQ3V4b1Iwb01LMXZpVmxRTWMzVXNmTGZ3WVF3OEZBUGpHZTZZTHlTNDYyc29fRWtZaU9Bang0bi1XVEVOTGRqc2c3b0lRVE9Gd2FkaDhyeENJbFBCa0haYVBLRUtSN1JQS1hDRE9xdThZWnRULUdaZlJDMXpnWFVsbEN3empSMUlwdG40dm16YVBjVjlFUjhNX1lBY2J2aW11WFI4VGNTRXdPMWFKWTRFdS1PZVdYV05hLXlRSVYyN2dtaXBxbVNibUR6cVA1Q24xRUNsUVNDc2V2UzQ0YUdZbw?oc=5
2026-08-01,AFG,Afghanistan,Asie du Sud,Tout voyage deconseille (pays entier),Tout voyage deconseille (pays entier),lateral,5,Addition of information about UK Government support (see ‘Do not travel to Afghanistan’ on the ‘Warnings and insurance’ page).,FCDO-AFG-2026-07-30,https://www.gov.uk/foreign-travel-advice/Afghanistan
2026-08-01,NPL,Népal,Asie du Sud,Aucune alerte particuliere,Aucune alerte particuliere,lateral,0,Addition of information about local curfews imposed in Nepal’s southern provinces of Koshi Province and Madhesh Province (‘Warnings and insurance’ page).,FCDO-NPL-2026-07-31,https://www.gov.uk/foreign-travel-advice/Népal
2026-08-01,TTO,Trinité-et-Tobago,Caraïbes,Aucune alerte particuliere,Aucune alerte particuliere,lateral,0,New information about outdoor activities and adventure tourism (‘Safety and security’ page).,FCDO-TTO-2026-07-30,https://www.gov.uk/foreign-travel-advice/Trinité-et-Tobago
2026-08-01,YEM,Yémen,Proche-Orient,Tout voyage deconseille (pays entier),Tout voyage deconseille (pays entier),lateral,5,Latest information about regional risks including the Yemen-Saudi border and threats from the Houthis (see 'Regional tensions' on ‘Warnings and insurance’ page).,FCDO-YEM-2026-07-31,https://www.gov.uk/foreign-travel-advice/Yémen
2026-08-01,BFA,Burkina Faso,Sahel,,Evenement : coup etat,aggravation,5,Le Burkina Faso annonce avoir déjoué une tentative de coup d'État contre le président Traoré.,GEO-BFA-dfc58f909cdbca38,https://news.google.com/rss/articles/CBMilwFBVV95cUxQZWdCd1JRVmhmblAzV213OWhLLUs4UjRLbFBmdFI1dmpPU3Z2ZTFhWXN5ZGJjNXl6Ml9JeUNlYkFLRmtnTE16THZjTDhRUkZZYVlCTnNfc2ozRWNLMXlucUdBbm5HZGgxUE5rQXdLQlNGTWgtZ2lwZHhiVE0wSXh1Z0MzV0RjZU0wYWRKaTZEUG9ySjh0ZS1N?oc=5
2026-08-01,UKR,Ukraine,Europe de l'Est,,Evenement : tension diplomatique,aggravation,2,"Tensions diplomatiques entre Kiev et Minsk avec menaces ukrainiennes envers la Biélorussie, sans indication d'escalade militaire immédiate.",GEO-UKR-ca29c1df12feff4b,https://news.google.com/rss/articles/CBMi1AJBVV95cUxQRVhwSTNBVDZqLXl2MHlvY2hieHVwWDVyODh5cDE4RUp5UkhibF9SN2Z0YnZRYlZDUHpXTWVrZ2RtRThwUnptWk13SE4wY2pqb1VKYjBBakNMWXUwc3poenJvLWxET29RellhQktISllBU05BTTFaTVhjVXlGRGhmc1NSaUhDd0lyNjhOb3dtcHpCWTAweFF0ZVA4MlhCeGJhbUtSYXZ6dS16VGV5S28wdVgtdFFjS3E4c3hyYVo0S1lSdGhoUFA5ZkIxTTVtM0hHYXduSUdhVHBjY0lhbWlJUlNJXzA5TkRfdUNJSTRNcWhJZXNKZXNQSk1HWTBwVUFmRF80MWpqN2RMVGxZZWFhSVh5elpIOVk1M3lLcHBFVTNzN1hEMGxnbmtsalZTOU9YZzVxWDRzWHAxUFNLZUVkdWExdUxGVi1nd0ZoMjhPWTNqc3lm?oc=5
2026-08-01,GTM,Guatemala,Amérique latine,,Evenement : tension diplomatique,aggravation,2,"Article analysant les parallèles historiques entre les actions de l'administration Trump en Venezuela/Cuba et le coup d'État de 1954 au Guatemala, soulevant des risques géopolitiques régionaux.",GEO-GTM-c20b1b6da318b3f3,https://news.google.com/rss/articles/CBMiqAFBVV95cUxPRXZTN2RoTHRtY0lGY1Jzc2cxNV90UmI4MWVlczM4dU1CWS1iU24xQmpJTDRvdzFaS0NjYTV0RGxKODROWVpJbFAtenZrY2dNTmlDZTJnNm9QeEU5dlg2aXRORFBUY3g0SEVtQ00yN2pycXlUdlRCbGtnR1dTc2wwVWpZc0FWcnB2OU9lYkJNV0xuUjU3UUxsVHpxMUVmMDFybkQyY2t4dHk?oc=5
2026-08-01,NGA,Nigeria,Afrique de l'Ouest,,Evenement : violence politique,aggravation,4,"Frappes aériennes de l'armée nigériane dans le nord-est ayant causé des dizaines de morts, signalant une intensification des opérations militaires dans une zone à risque élevé.",GEO-NGA-bfb9600634fb1cc9,https://news.google.com/rss/articles/CBMi-AFBVV95cUxOUGV3TTdjbE5MUzAtQUlobmRKWV9paFF5amFsRURKMFhodm9aNTZfWkVrSnlZSTZSZzlaaXF0NTFOZWl4T3B5WmM4NkFFTkxzb3psa056YjlvNFBMTnVSUFdKLWltQzBNekMtTTlRbGZ0ZE1xVUc2bmgySUNiM0xaQzNoUXRfNnBlbFZyQVY2bzdHMmEtR2oyTnI1a1VueWhiU3BkSEVVWjNwM2NPbHEwUWpCM3pqR2RwYTZRMk5NdC0yX0NJcGEyZzdZbU1veklpY2Y3V1MxNlY4NGxlaUt0QW5tSEJuVS1GRV9JNDlBN2JYV2t3UVVUeA?oc=5
2026-08-01,NGA,Nigeria,Afrique de l'Ouest,,Evenement : violence politique,aggravation,4,Attaques de Boko Haram dans la région du lac Tchad déclenchant un état d'urgence sécuritaire.,GEO-NGA-07b240f58b999594,https://news.google.com/rss/articles/CBMixgFBVV95cUxPU29ZeXJKQTRiRUNjYk9MWWdmMzZaZ295cHBReWtUV3RjY2ZTTzVqam5tZWZXU3djTEVRVlF5MnE2ZERVMkJWNll3ejZDamk0aDdtWVhodmlYTGJxWXBPeE1yN2dSeXFsVzQwcHIwdWhuWm45VG1jSkVZaFdJN09US05GcS1CYnZXWFpKMG9DWEJCVWg4dFVxYUFoQUdkSVpVLUpJOU83TGFSSzFzbTM5cTVERlJ3YWI0TkdfRVdGMF9aZVhVUmfSAcsBQVVfeXFMTVdhalU0TUFqNXVfS0FuX2FFRHR5QnYxNGJVN0ZMajUzWWRhejJfSnpwaWRJZndGWFVnSlg5ZllacnN6TGJLdTF5VHNnRHA5bjQxM3R5SFZNQlk1cGFGNWg5QUNMTDZPSk9fNldWTkVkSVdMYTZRU3dsOTJOWmlyakJpWjE0WkFha0NDOUdQZDE4MzViRXB4dWJKWUdDajYwaDhyTnhEZ1czdzJPVmp0THZLbVI3bmpnZ1daUWJiQjhDRFhwMEN3YlR0Zlk?oc=5
2026-08-01,NGA,Nigeria,Afrique de l'Ouest,,Evenement : autre,aggravation,2,"Annonce de la mort d'un chef de l'État islamique au Nigeria par Donald Trump, potentiellement significatif pour l'évolution de la menace terroriste dans le pays.",GEO-NGA-15c524ebdb6e75e5,https://news.google.com/rss/articles/CBMixwFBVV95cUxNb1A4X1FRWUQ0VEYyYUZuUFY0WloxN3p4RlZzd21RLVhwQUFkckk5OGd6QlhUTGkxZkJ0cDY1a3ZPOEt1ZG5VQ3Jtelc5UldDRC1WLWFPN2o3UndlTWd6VXgtay1HdHhPYjNpcWtmb0lUQUJ4WWhqWGhBWTJQdjNqUU9xVnN6U182RVhSN29XdVZtbjVaVlBaeE1jMWN2SS1KS3dDeFNkNWpOZEhqaEFROG9tcnpEUDB1cXNyREo3cmQ4MXplNElB?oc=5
2026-08-01,NGA,Nigeria,Afrique de l'Ouest,,Evenement : coup etat,aggravation,4,"Six hommes, dont un général à la retraite, inculpés pour complot de coup d'État au Nigeria.",GEO-NGA-41a366d857ba9741,https://news.google.com/rss/articles/CBMi1wFBVV95cUxQOW1uNzlGSHk2aDJWamxhYlFYaW9WUXBXeDZCZW96YTZIcjRzTXNpdFNNQUJ3dFd5aXZCTnhxM1RNV2dka3g4aWxLR0JSRG93ellEVk1wODJoVW9TMDhraFZzNklPSlV1aXZHT1BKWjRlMUxVRVJvb2NCSVdVc1FwQmNNa1Z5RFBCVk9oTWpoNmRNWlctN3lPMHpXOVZfbmxFMW84aFNVaU51bTNzcVRySXZINnBidTRrdV9OTXUxYU1ad3VYU0dENUdZT2F0X2dzbTdSX1F3aw?oc=5
2026-08-01,NGA,Nigeria,Afrique de l'Ouest,,Evenement : violence politique,aggravation,3,"Arrestation de 7 chefs de Boko Haram au Nigeria à leur retour de La Mecque, indiquant une action de sécurité contre la structure terroriste.",GEO-NGA-fabeed9d4efd5224,https://news.google.com/rss/articles/CBMiowFBVV95cUxOS3NkX3VaNE1Ga2lvSkFEQ2RGT0lRenFCU3MxZ2RjMjU0NTdGcll0ZWx4MWVrMWEzaVpaX0YyTnotejJFTnhZenFpLUNBVmdkYUx4WWJMX21WUVIwM3BqRTVLZkNYV3k1UGN5Q3MxQzhJQ3FrTHBsQ2dxUHd3bXRBMER4T3NGdXhRM1RnSGl1eXhrNXgtQmtFMXlrNk1DMU9JWlZN?oc=5
2026-08-01,NGA,Nigeria,Afrique de l'Ouest,,Evenement : coup etat,aggravation,4,Six personnes inculpées pour terrorisme et trahison dans le cadre d'un complot de coup d'État prévu en 2025 au Nigeria.,GEO-NGA-aea98d39ba14989e,https://news.google.com/rss/articles/CBMirwFBVV95cUxQMlRZSEluczEtVC1sczNpMTVrblZoM3NXbFhFUEJBZjNSa3F5VkNycnpIZFBCb1lfcFFfWU5saVk3M2gyUVlleXJ1V1FORHNyT2FzYkoyYmFkMkVQcFBKbk1JaFhBV0s1dEFWQktYT3lPVTdUa1k5bjdrWnQtYXdWOWxBZVBtUV9uSEgzSjNjYW5PQUsxY1YzRUtpWWdlTzJGbGtQdUc3Zkxibjl4MVM40gG0AUFVX3lxTE8tN0JfMVBQbnNIOHJXOWpVMENjeE5iamltazZtcUI3V0VfN0VOXy1kcm9vUUU1MHJQcjBwWXBlVENWNVZ6RGtpbXRnNExRVW9KSldVOVNBOF9EU29kSkMxQ3l1b00zLUVIVkZ0ZFVWZjhkbmVlTE02cV95QXotQ21UUjNPZ2ZGSUVoN0tKSzFQMmtWQ3I1NjRVZ1dzVGlIaEZyNDlXMHJ0a0VCRHFTSTZBN1RBcw?oc=5
2026-08-01,NGA,Nigeria,Afrique de l'Ouest,,Evenement : coup etat,aggravation,4,Procès pour complot de coup d'État au Nigeria - tentative de renversement du gouvernement.,GEO-NGA-69d09f8cb2d2bf83,https://news.google.com/rss/articles/CBMiWkFVX3lxTE5iVXNPcjFqZEtsV1hUWXRyalhCYVo1bTZPM3NGNzhJSy1FZVVEenBxMjZQWTNIQnVyNFBleEFJODd2MTNRNlBJUDRQdVphMFRMVTVtcWxVbUkxZw?oc=5
2026-08-01,NGA,Nigeria,Afrique de l'Ouest,,Evenement : coup etat,aggravation,4,Inculpation d'un général retraité et cinq autres personnes pour complot de coup d'État au Nigeria.,GEO-NGA-1517505863592ddb,https://news.google.com/rss/articles/CBMirAFBVV95cUxONnBWYlpwcmJIRm9JRzZlWTRhUHdJaFZCX2x2NVk4NG9icmtxTjRPdnFXTmd4U2VmQXl2dGZFZFZTR2V2eno0NXNkRmc1MG9xVjVJam1KMVBOckFBTmlNbVdaMFQ2TlU0LXhlckR4eVBfNERUMVQ3Q0lrZ2FnVURwUmFtWERxVDRfallGX1VnS2N1TC1sYkRrRHJVeFpfdUl2LUpBSWZWdll0THdZ?oc=5
2026-08-01,NGA,Nigeria,Afrique de l'Ouest,,Evenement : coup etat,aggravation,3,Six personnes inculpées pour trahison dans le cadre d'un complot visant à renverser le président nigérian.,GEO-NGA-245453655aea2c28,https://news.google.com/rss/articles/CBMitgFBVV95cUxOZHYxUmZCYlVNajRtbzVySW1KUFhxVFNOVDRRQmpqaEpQOGpWSHFNYkk1WDFMY0xUbGRsc1BCU1JDZlYxcTYxOXkxT0VmUlJSbnYzcEJoODNwY1hITzEwWGJ5Y2pDR09MaXl0SE5oQ2Zoa21vRFg0N0g2RDJ0M0d3eVZHTWhtMmRBcktCbjVYOGNQZUdyY2lzdVBlUDZfczF5X2FoVDN5VTU0d0FERHUzTUxuSW9iUQ?oc=5
2026-08-02,NGA,Nigeria,Afrique de l'Ouest,,Evenement : catastrophe,aggravation,3,NIHSA alerte sur un risque d'inondations dans 17 états du Nigeria et recommande des évacuations immédiates.,GEO-NGA-465560bb56c81eda,https://news.google.com/rss/articles/CBMilAFBVV95cUxOY2JzOURGT3dDVjNEOEJTYzZUNzlPTXV4Z29IT2kySkF4ZnJUc002amVQWnhmaUtzYlA5N0t5ZUJXN1loZS1pUDMySlRVQkFJa0dkYTBfUXBmV2hXYi0yREw1S1JoRTB3SHZzY01xWVZWQUtzWkFPNlNaZVNDQmF6Y3l5b3RNRllqQXpmUzRzZmFocVd6?oc=5
2026-08-02,NGA,Nigeria,Afrique de l'Ouest,,Evenement : evacuation,aggravation,4,Les États-Unis ordonnent l'évacuation du personnel non-essentiel de leur ambassade à Abuja et mettent à jour leur avis de voyage pour le Nigeria.,GEO-NGA-bce3f7f82dd30893,https://news.google.com/rss/articles/CBMi1wFBVV95cUxPNV94aC1tRkV3eGJUQkZWSmNiczQwMnU1bnQ5NFM3X2JkRlpWX2dpWWpzUEtReU5JNDMwYVhRV1paYTFobU12cFNzZGtZZkhWbEpiVWo0SzEwOXUyVncyY2RoUm1Mbjc2eFVCOE9nSkdjVmFrUWozU2kxbWdPc2Zjbm9Cam9MNUhPeDE0TnNqWndiUXl4RElyQUlHMU1jWHpNdE5OZVZvZEtrWFZpd21ubDByRUV3NzBfOXdpUDViUHJiZGpzS21uQ0d0QkozS0NHVUFkcVZnMA?oc=5
2026-08-03,GTM,Guatemala,Amérique latine,,Evenement : catastrophe,aggravation,4,"Séisme de magnitude 7.4 au large des côtes du Mexique et du Guatemala, événement naturel majeur pouvant générer des besoins d'assistance et de sécurité.",GEO-GTM-e4a825c7d2c21266,https://news.google.com/rss/articles/CBMipwFBVV95cUxNRTkyQVNoeEVBb1lMNWNOVThCVDQyVjZnZ0s4WFIzR2hDUmpIWUM2NjFhd29pR3ZxRDg4WkluV2gyX0NoNHI3SnQtaVNyeldkcFBzb1FRWk9taTBIeVQyNm84TXBrdEliNENxMHpPMThPU20zWENHcFctd3Q1cm1pdFBSZGhINVN2RUFNZW1MTTZJWmNfVS00amhEeUJvZjd2QmEzaDlfNNIBrwFBVV95cUxPckFTQW5oSnQ1NW5ZbFRhU3BWUlpWYnFkNjJrRFdDUjZncHgwUWZGSkhYU09UX3Q3ZzVvSVpoY2NyUnMwRkpGOXpEYWpaVF9IMGFMeElSaDVUX2dOVzc5aS1IVHVZMDdUTk9zM3J3anNyeDZsMVZ5R0JxSUJ1UUdZTnYwWHBxcE5nSUZUaDdGdDRCRHZDeVo4c1JCeFZxdHFGRzgtMTEzMGhhQWgyZkhj?oc=5
2026-08-06,COL,Colombie,Amérique latine,Voyage essentiel uniquement (certaines zones),Voyage essentiel uniquement (certaines zones),lateral,2,New information about the Colombian presidential inauguration taking place on Friday 7 August ('Warnings and insurance' page).,FCDO-COL-2026-08-04,https://www.gov.uk/foreign-travel-advice/Colombie
2026-08-06,EGY,Égypte,Afrique du Nord,Tout voyage deconseille (certaines zones),Tout voyage deconseille (certaines zones),lateral,4,Updated information about entry requirements and regional tensions ('Warnings and insurance' and 'Entry requirements' pages).,FCDO-EGY-2026-08-04,https://www.gov.uk/foreign-travel-advice/Égypte
2026-08-06,GTM,Guatemala,Amérique latine,Voyage essentiel uniquement (certaines zones),Voyage essentiel uniquement (certaines zones),lateral,2,New information about Fuego volcanic activity ('Warnings and insurance' page).,FCDO-GTM-2026-08-04,https://www.gov.uk/foreign-travel-advice/Guatemala
2026-08-06,MMR,Myanmar,Asie du Sud-Est,Tout voyage deconseille (certaines zones),Tout voyage deconseille (certaines zones),lateral,4,New information about mobile device registration and drone use (‘Safety and security’ page).,FCDO-MMR-2026-08-04,https://www.gov.uk/foreign-travel-advice/Myanmar
2026-08-06,QAT,Qatar,Péninsule arabique,Aucune alerte particuliere,Aucune alerte particuliere,lateral,0,"New information on drone use, including permit requirements and penalties for non-compliance (See ‘Using cameras, binoculars and drones’ on the ‘Safety and security’ page).",FCDO-QAT-2026-08-03,https://www.gov.uk/foreign-travel-advice/Qatar
2026-08-06,BFA,Burkina Faso,Sahel,,Evenement : autre,aggravation,2,"La junte au pouvoir dissout plus de 200 associations, mesure de contrôle politique pouvant indiquer une consolidation du pouvoir autoritaire.",GEO-BFA-6fba0a664c81f5a9,https://news.google.com/rss/articles/CBMikwFBVV95cUxNb3JZZnoxZUxzVzdPaFNlV0pGNi12bW82UTVMbWVuVC1lWlozREFSVDFXSjg5QnRuU0ZKT3pYUXpwMzQtc0JwYnk4cXJHVGdRNXFtbVFJcW5UX3g1ZUlPeWY4YUJIRFYwYVFQaVcyWDVQLWljVFdhakVJSmlmakRnZjlVaTVEY0Z3VGZ2YkRuV1pxZWPSAZgBQVVfeXFMT1BPNmhRZUpxMVk5WVJySGRPeGNhQWFhanBLOS04bFZ4QlZEOU5zTDFoMDJKTlBhUGV2TFVDYngyNU9SUTVKbVRFcjlkam9SVWl3QXFQTjlFdHJhdGpCTkZxeHpYZUlqOXlRREh4Q3dkbVIzWEdWbE1mQ3p6cUVjdWc0YUZjUEhCWnZwSXdOc2FtYlUwMEpHbmg?oc=5
2026-08-06,UKR,Ukraine,Europe de l'Est,,Evenement : tension diplomatique,aggravation,2,"Avertissement de l'ambassade russe à Kyiv concernant des risques de sécurité, minimisé par le secrétaire d'État américain Rubio.",GEO-UKR-ae5f06fd90e58f0e,https://news.google.com/rss/articles/CBMiS0FVX3lxTFB6RFhWSWd3cmNpUUc2NmFvVGVad0JzcmFxUDFtOFBXQkJ5eHNmdnV2TmxMa3VseFIyQnlsZV9OY3ptVEYtX3NkSl9Ndw?oc=5
2026-08-06,VEN,Venezuela,Amérique latine,,Evenement : tension diplomatique,aggravation,2,"Les Marines américains conduisent un exercice de réponse rapide à l'ambassade US au Venezuela, signalant une préparation à une possible évacuation ou crise.",GEO-VEN-7065ba9d481f3be5,https://news.google.com/rss/articles/CBMisAFBVV95cUxNODlZaWk1MFhDSlRIOXo0cUNlaVRvQjJ1VHk2VjlkZG5uVGl6bzNFcUd6VjFkWUNJa19Sck04ZkJmMGNIX2hJYWs2NmJSeFMxUVg5WkxISWFlUC1nMHJtWXV6SVRta283eXFZODhrZlZ3dXdpYWVpb3A4X0Z3UlBzcXMwZmtVb2hEWk13aGYybTdFaHdYdnI4ZXl2QXBLQldYeDR4NV9pNEVzcTJEWlplZw?oc=5
2026-08-06,BGD,Bangladesh,Asie du Sud,,Evenement : coup etat,aggravation,5,Coup d'État au Bangladesh : Sheikh Hasina s'exprime après le renversement du gouvernement.,GEO-BGD-50f8ccc76c2cff4d,https://news.google.com/rss/articles/CBMi2AFBVV95cUxObnNUM1RvM0k3WmtRT3gxcG9TNGc3NHBVcUhrUTNGLUlyTWxfMkRMYlNldG1xRlliTVpEenVHalVFTXpjMXlVUmdsZzZCSlE4Vmx0TEdORFRlQm9aV1dmUENNVHdVd2Q0NnE4WnA0NFN6UUxmc3Fqd3ptLUx4bjFkWW4tYWNxV2ZOLVdCUHAyOFhGckZnQ19lY25XbzB6bEZiM0tKUjVaalBuTFh3LUVXaXRDNnlQXzNkY1dxYVBZNUpEVWU0bGZMeWRfNF91M1hoQ1pCYTVHbGrSAd4BQVVfeXFMT0NTcl9KcGhQZmw3Slp3ZU14VW1uVFl3Z012MWEzelNQeWVmLWozR3dZWTRuYzF4MWQzT1NLLTFxeEQxczJTMjZ2M2lzbzJXNENBdUNINF8zTE9PNldqZERkejlERHdHaHFRUnZ0NUxUaWdPR05GYjlPNHpFZ2V3MGF5dk9UdXhnUmp0bVo5eGZRaEZJSm5SSFFtQkNQaml4ZWFtRGNxeG1XRW9YeDROcEVYbVNQSWt3MzBMOWszVXM2bmFQNUNCdHdORW5McUVoQlE2VHBxLWxHdENTR3hn?oc=5
2026-08-06,GTM,Guatemala,Amérique latine,,Evenement : catastrophe,aggravation,2,Activité du volcan Fuego en ralentissement mais risque persistant au Guatemala.,GEO-GTM-a6e5918555687186,https://news.google.com/rss/articles/CBMi4gFBVV95cUxOT1Rkb1RWWFAzbmZBLVM0QmlzRUtoemE3RXFvX2VPSlloUXJuRUVRTnhwZFhubXJVMlZHX0NtZzZIakUybXNhdTNBVkd4QkVhS0JfWXNCRWVQMFhkbEt1ZVdwTnhxX2tJbi1JSzJFaWR3TDlUNnZ5WndkeXNCdVJ5UDc0eFZDdE1UNFNpM1pIQXhCNGNoRzRHeERDQUVtMUVZVHVTcTNlZUtVRjhBd1h5cmxxS1RLSjhGZm83SUNZdllaaTY0cHo3cGE5SXRYdS1VV3Y0Y295RnVjNHpKSkVqNFR3?oc=5
2026-08-06,GTM,Guatemala,Amérique latine,,Evenement : catastrophe,aggravation,3,Eruption du volcan Fuego au Guatemala avec évacuation de 1700 habitants.,GEO-GTM-556ebdca4083a925,https://news.google.com/rss/articles/CBMiqwFBVV95cUxOVy1veldRM3VrR1Z2UFJ4UlpzYVBiZjBNVVRZaWNzSUljWlVLZWNFbW5lNFpqQTBiVnl1UkptSUc2MlJEdXc2aUpWM0JnQVVYTDNMTmhnbGpBYlg0c2syeDYyTlozcVdPajdHbDZuc3hTcUhvUWNyNHVTSndHUXd5aUVpOXJHWkVwblhLd1lydWRDZVZzSDJRaW5Ka0VRX1cwQmVyMWFfRTQ4REU?oc=5
2026-08-06,GTM,Guatemala,Amérique latine,,Evenement : catastrophe,aggravation,3,Éruption volcanique au Guatemala ayant provoqué l'évacuation de centaines de personnes.,GEO-GTM-746f47caa961e2d5,https://news.google.com/rss/articles/CBMiswFBVV95cUxPQS1JNFpfZDUzWm1jZUpoeVdWdXJlWElCd3dmdTdXY1ZKaW0wc3ByWmhKdmQtWTFsT01FQVhueUFKTmlQLXItMUpQcWZrc1RyX3hvbk44MFpoWU1jUnowMlYta2xkV3J4cHRHemVfUjMwXzN1MXBpZHQzWlp0Q2NpZmpkd3R4QnY0OFUtcVFkVDROUV83ZlpPdEZZS0s4UlFLQ2E2REFYZ0R3Q1k4OWFfZXVnWQ?oc=5
2026-08-06,GTM,Guatemala,Amérique latine,,Evenement : catastrophe,aggravation,3,Éruption volcanique au Guatemala déclenchant l'évacuation de villages.,GEO-GTM-bd3275056eb1e38c,https://news.google.com/rss/articles/CBMinwFBVV95cUxNNzdLSkttblNZVzM4YnlmdkUxZEFuZTFNMlZoRWVmVWlVMGYtQXJHYkpwSXJNMkdJaWRIQVNmQjZTeUxEbC02aGM2QjhiMXZ5MVFVcDdoaGw5cTFTc0FoREh5UmlwQlRKTVltTGNqYVh4eXV1Zy00OXFDQ3BEQnMzMHc2WW1oNUhYMDNPcHRaQTE0TUxzcHE1U2pSYWVtSkE?oc=5
2026-08-06,GTM,Guatemala,Amérique latine,,Evenement : catastrophe,aggravation,3,Éruption volcanique prolongée au Guatemala créant une situation de danger persistant nécessitant potentiellement des mesures d'évacuation et de sécurité.,GEO-GTM-b70fc46b6be10dc6,https://news.google.com/rss/articles/CBMijwFBVV95cUxPN2wzaVl5QjZoOU02WmppSjc4a0g4Sm1rcFFscWZyU19YanZRdXZwWGpldlV4aWJqNmxZUXdKb3V6QVZvV084cmxfcHM1dXRRVDJLSnloT1JLTUtsOTFhNVhXdEQxY2RDZDBnMTJwUldEaGVXT2U4UVI5Q1ljWU1fZ3pZeUp4TzRNSlBNeVZMaw?oc=5
2026-08-06,GTM,Guatemala,Amérique latine,,Evenement : catastrophe,aggravation,3,Éruption volcanique au Guatemala ayant nécessité l'évacuation de 1 700 personnes.,GEO-GTM-76364dbcfc7adf46,https://news.google.com/rss/articles/CBMi1wFBVV95cUxQSW0tdWNNWkJaRDhSQ193UzZDRjRWY2U2Vkc2b2lLc0hyel9VaVd2dmpHQTExX0NaM3ZvVndXalRjY3pCTUZhNERISGp5OXFtcFJrM1F6NTE1eGZ2OXZlYmdRdzJtTUVybEFFblJ4ZVdfOTk5Y21Vcy1temRlblJPaXU3aUNfNDNHdkU4Vzc5SGNDN1VjUVdNLWJPbUh0T0VkLVgtSTRDUjJyNzQ1YkU2LVJTalFMQzFqQkpmZ28yMFNFZzZtbElxRG9NYlVSR2o3WDRBWVN2MA?oc=5
2026-08-06,GTM,Guatemala,Amérique latine,,Evenement : catastrophe,aggravation,3,"Le volcan Fuego entre en éruption au Guatemala, forçant l'évacuation de 1 700 personnes des villages environnants.",GEO-GTM-9656a3976420dd2b,https://news.google.com/rss/articles/CBMipgFBVV95cUxPbF9mMWV4WFZuV1plYmgtZU1SZUtuY2xCaExLZWVYbTZjcFpLMDhLUExRaVNBbWlKSFBZajZPRTFLU3VFaUYwcmZUdTFGQkRpaEptMkFfbnZuSGY5bHJ5QnI2aWNGbTROWlMxcEV1Sm5oMjZoREJwcEctSW56OFFvVkJQcjM2a28zYk4wdHVIbF9teUloRG9xdzVuX3ZsVnQxYlBFVFNn?oc=5
2026-08-06,GTM,Guatemala,Amérique latine,,Evenement : catastrophe,aggravation,3,Éruption volcanique au Guatemala forçant l'évacuation de centaines de villagers.,GEO-GTM-70b12a633938f85e,https://news.google.com/rss/articles/CBMisAFBVV95cUxNZ0JUSGJlTDNVX2U0WnhxaXZ2ZlBTMWNRRU1ELTJIYjF0aVk3by1abEN3Y1ZMQ0dqWFhma3NXSXlLRl9Ic204LUNjRG9xUEZ3OFIzM1VKVlcxaWlYZU9HWFhHLURBY1pFWHBMNzhxMk4zNUdpVVNRaWZSV1V1aVhVYmRuSUpzZGUtUzJjc3N3SlVWeXVaWGNNRUp2YkZUWlBQU0ZhN3BnSFdrRUN2NVp1eg?oc=5
2026-08-06,GTM,Guatemala,Amérique latine,,Evenement : catastrophe,aggravation,3,Éruption volcanique au Guatemala déclenchant l'évacuation de villages.,GEO-GTM-199e8af37ab97f2e,https://news.google.com/rss/articles/CBMiowFBVV95cUxOV3FTVmhRWDZwcDNXWEppTEhQVW1kZEhPdjJqMVBBV2VKNS1kdmw2bGhlYU9sMUI0b2lqS0FSdEJpNHNKVjB2U1FsLWZkZ2RMSmlPUTFXUFlfR2stNW9XWVI2cE5FZUcwQlQ5bTc3MDFQWExCU1VUR2R0MUc4UEVXc1g4MUM1ZlFneW1BNktkZU1Dd1N3NGlpZ1B3WHVHd29aMWlV0gGoAUFVX3lxTE1MWEQtam9EWmlFT0dtbE1UamlHX1ltSkowa3VYclhPa3JSdlBoMjJfbHNXdVRKODZuSEFGS3QtXzFuMDQ5dVJrcm94YUk2N29ROWFZU0FObExJeXFJZEJSUkY1bDVPNHotcDlfWDZCTVMyY1g3dW85ZC0yQUpGWlBXV1pEVzlWNW1PM195U1ZhdzBHRXFVejdPeFozUlVNOGhGVHhYX0tWcg?oc=5
2026-08-06,GTM,Guatemala,Amérique latine,,Evenement : catastrophe,aggravation,3,Éruption du volcan Fuego au Guatemala avec alerte 'danger' émise par les autorités.,GEO-GTM-6598ee51bd6077bf,https://news.google.com/rss/articles/CBMipwFBVV95cUxOdHBNNVRBQmw2bEVYNXlzQTFxd2JDVHZIVjM1U2VidTB2aWQwSVB2NDg0UUJPTXYzTjZxTEJtNTJRVmxCWHFPM192LVVsWF9oVmZQUW5iancyMk9UajFzeHJOYVAzYXREZ1ZZTWs0Y2tpdVllZnZYMUgtNTRwSzZuc1JqTjNwX25sOU00YklQVFMxcGxPeXFLc01McTEtTHQ5bkRzdFZRRQ?oc=5
2026-08-06,GTM,Guatemala,Amérique latine,,Evenement : catastrophe,aggravation,3,Eruption volcanique au Guatemala déclenchant l'évacuation de villages.,GEO-GTM-d94f017b2d18c3ce,https://news.google.com/rss/articles/CBMijAFBVV95cUxOaGNna1k3WWxmQlc5OHItLVJ3SS1jOTcwbU5PS0JvZTRuWEgwQnR5QzhFUC10RFp3d2llbngyWGcyZUhZcGVpWWdPUlp0OUowNUh2R0p4elVzRjZPUXJfZmJ5YUtpRDFidzZQZXBxWHVUTWxaV25obWxRUGg0TzlpUDMzRE50a1E3elhtcw?oc=5
2026-08-06,GTM,Guatemala,Amérique latine,,Evenement : catastrophe,aggravation,3,Éruption volcanique au Guatemala déclenchant l'évacuation de villages.,GEO-GTM-f5fb5408f18d6520,https://news.google.com/rss/articles/CBMirwFBVV95cUxPOVB2cEM2Q1ByUXBuaE5DeFVyc0YyeGx5M1UzM0k1c2lFWnNIVFNvenh2VUdXR0xXYmNXUWtKb3FseDlFN3BlMXJ4aGdZeEhUZHpvOVFBM1FLeUF1RGNIVmxCRnoxVlNJZDU1YTdVbWlMcUZyYTl5TkNwbmtZd1N2VEQ0MXI5UnhMY25mdl85Vm9fTUQ4bmpzbE50SXpZalk1T1V3NW9XdUFyTmszZkVv?oc=5
2026-08-06,GTM,Guatemala,Amérique latine,,Evenement : catastrophe,aggravation,3,"Éruption volcanique au Guatemala avec projection de lave, événement naturel créant potentiellement des besoins d'évacuation et de sécurité pour les entreprises.",GEO-GTM-e3d37415a4ca6935,https://news.google.com/rss/articles/CBMiXEFVX3lxTE5lNFpVTmp1TlFIVkduNnJTSzJwR2gyS2tPUnk4ckFIZVFRLWxKSEV6WU9YQkRuVTY1NnVUVDN0UjlEOGk3Z1ZPVjJ0RmNZVWlrNkNqRFNYb1VNTnN3?oc=5
2026-08-06,GTM,Guatemala,Amérique latine,,Evenement : catastrophe,aggravation,3,Le volcan Fuego du Guatemala intensifie son activité et provoque des évacuations préventives.,GEO-GTM-b6f7ab99a65c0245,https://news.google.com/rss/articles/CBMijgFBVV95cUxQLWJXY3FnQzk1WXJNc0JscW9veU1raHpVb3FrMnJIRUJQcVR6eWUtTmUwbkhweW9TTXdmNDdnWFVNd2dMVjc0cHhhalN4R25tS3lrWFlTZ0NEWVJ0YVB2bEVhZTN2UVlWLTJrRjNwVnFVMGNqc1J3S0lzbEhYVUtVMEM2QVQ5OHlURWVOeXdn?oc=5
2026-08-10,GTM,Guatemala,Amérique latine,Voyage essentiel uniquement (certaines zones),Voyage essentiel uniquement (certaines zones),lateral,2,New information about Fuego volcanic activity ('Warnings and insurance' page).,FCDO-GTM-2026-08-06,https://www.gov.uk/foreign-travel-advice/Guatemala
2026-08-10,MNG,Mongolie,Asie centrale,Aucune alerte particuliere,Aucune alerte particuliere,lateral,0,New information on fuel shortages in Mongolia (‘Warnings and insurance’ page).,FCDO-MNG-2026-08-07,https://www.gov.uk/foreign-travel-advice/Mongolie
2026-08-10,NPL,Népal,Asie du Sud,Aucune alerte particuliere,Aucune alerte particuliere,lateral,0,Removal of information about local curfews ('Warnings and insurance' page).,FCDO-NPL-2026-08-06,https://www.gov.uk/foreign-travel-advice/Népal
2026-08-10,PAK,Pakistan,Asie du Sud,Tout voyage deconseille (certaines zones),Tout voyage deconseille (certaines zones),lateral,4,Updated information about the situation in Pakistan-administered Kashmir (See ‘Demonstrations in Pakistan-administered Kashmir’ on the ‘Warnings and insurance’ page).,FCDO-PAK-2026-08-07,https://www.gov.uk/foreign-travel-advice/Pakistan
2026-08-10,TCD,Tchad,Sahel,Tout voyage deconseille (certaines zones),Tout voyage deconseille (certaines zones),lateral,4,Updated information about health risks you’ll face in Chad (‘Health’ page).,FCDO-TCD-2026-08-06,https://www.gov.uk/foreign-travel-advice/Tchad
2026-08-10,UKR,Ukraine,Europe de l'Est,Tout voyage deconseille (certaines zones),Tout voyage deconseille (certaines zones),lateral,4,Updated information about Russian invasion of Ukraine ('Warnings and insurance' page).,FCDO-UKR-2026-08-07,https://www.gov.uk/foreign-travel-advice/Ukraine
2026-08-10,BFA,Burkina Faso,Sahel,,Evenement : coup etat,aggravation,5,"Le leader d'un coup d'État au Burkina Faso est investi président, marquant une rupture institutionnelle majeure.",GEO-BFA-f7e8dba60ea142e2,https://news.google.com/rss/articles/CBMiUEFVX3lxTE92V3k1eEpMTHRTNlBzOFFoNUtmTGtYeVlBQWI2MjZoaFB6VHZFWW5jWGVnMnFncUtqUXAyQzAtY1d0MEg4MUNPRGtaQ3pyM2hp?oc=5
2026-08-10,NER,Niger,Sahel,,Evenement : enlevement,aggravation,3,"Un otage allemand enlevé au Niger a été libéré via la médiation algérienne, révélant une activité de prise d'otages par des groupes armés dans la région.",GEO-NER-63e7be5396b4e215,https://news.google.com/rss/articles/CBMiwgFBVV95cUxObDB2bFduc3h0anZxV3ZXZW80anEtZ25GeWVNLV8zSzNfUE9GOWEwdnM0cVRJa01NeTBNdjJiOFBBOW5wQVpLZW1UaXRQWUV0b1IydkRYbVltOF9LWkZnSkYtSHVZdm1NZEhWV1FDRWtqZWVRb1B4cmlkekVqMm8zU2txSjI1Wkpubm1zbFlRZGVxYm5OOWxNZkotT2lDMV9RWGc3enFoMUREVFhuSzVuVE1KX1k0UTRlXzJPM2pQVk5CZw?oc=5
2026-08-10,GTM,Guatemala,Amérique latine,,Evenement : catastrophe,aggravation,3,Le volcan Fuego du Guatemala intensifie son activité et provoque des évacuations préventives.,GEO-GTM-e734753b365197b8,https://news.google.com/rss/articles/CBMiwgFBVV95cUxPa1JSZThSQXJtM2VFb3RwSGp4dTY2ampYVVBlUk1LR3hGMTRiRHQtYjhRS1BHVnZ6TU12M1A5SVBTUkZfSm1feW1ROXpIUXdKR0kwUFNQNlN1UlpXTTB4cTM1QmN2V2dlUnp2dUw5N1RsbzdIdFV1MS1kR01IVWdHQVFLXzhtdFAyY3BxOWh2NVJVblVuV2F4aUY3Q2trYldNTjQxYnE1MjhQbFVWc0NJMHAtd1o1N1N3dERkcnhwWU96dw?oc=5
2026-08-10,GTM,Guatemala,Amérique latine,,Evenement : catastrophe,aggravation,3,Éruption volcanique au Guatemala déclenchant l'évacuation de villages.,GEO-GTM-38f127348902f35c,https://news.google.com/rss/articles/CBMiqgFBVV95cUxQdi1MMlRmN2JBMFhEMnM2TEdjWkZzejZzSGk0MmpMbTBaWUd0aEhmaWo5VERhRUIwRldVNFlRcjZ2ZTlmRmhXTDJCcUc2SFI5SjctWGpyY1hZRHJkNGVMU3B0V1dFc1VRdzJHU0x2Qml3c3JLbGhsX2p0UW1ZUlhWVXlZQVJUVnljaDVOVGJXS1FsM3lfeUlPU2NnSzVyWTctR0dxT1BTLWd0UQ?oc=5
2026-08-10,GTM,Guatemala,Amérique latine,,Evenement : catastrophe,aggravation,3,Éruption volcanique au Guatemala ayant provoqué l'évacuation de centaines de personnes.,GEO-GTM-9b4ae6eebc759a7b,https://news.google.com/rss/articles/CBMisgFBVV95cUxPZjJOYzFOX1dTZWhWQVE0djZOTmlrcWhNYmFUeTZuQ3hjMkRzSFl6ajlDS0RtMjZ0ZDFEaDdtOHYxRmI5eGtXbzZVZnlMdV9wQnYwaUo2elpLZEJKSEFYUXFJV1Q2MEw1ZjhxYlVtSE5xNFNDZmJ6dkE1QjdCcmFUcEpqNHZOWXdMcGtBT2xMd0ZPYmI1aW5hVTNEcnJhamQzdDRuVTZ6dlRJUWM5Vmgzd0h30gGyAUFVX3lxTE9mMk5jMU5fV1NlaFZBUTR2Nk5OaWtxaE1iYVR5Nm5DeGMyRHNIWXpqOUNLRG0yNnRkMURoN204djFGYjl4a1dvNlVmeUx1X3BCdjBpSjZ6WktkQkpIQVhRcUlXVDYwTDVmOHFiVW1ITnE0U0NmYnp2QTVCN0JyYVRwSmo0dk5Zd0xwa0FPbEx3Rk9iYjVpbmFVM0RycmFqZDN0NG5VNnp2VElRYzlWaDN3SHc?oc=5
2026-08-10,GTM,Guatemala,Amérique latine,,Evenement : catastrophe,aggravation,3,Le volcan Fuego intensifie son activité et force l'évacuation de communautés au Guatemala.,GEO-GTM-0dd0fa6d564a0961,https://news.google.com/rss/articles/CBMiswFBVV95cUxQck9nc3hCaUV6WjhDc2tBQ1BVRkJidzU1Ny15RTRuRkRGNGtVVzVjTkNKSzNLMmhlR0ZzdW1ORi1IalZTZlQxcHJTWTU2RWl0Ukk5V2xTbnotb0dxbGZ6SGpuZVM1WGQxd2dzVE14YWt4cWpTZEw1NGdodlhGNDl3SDNBZTc2a3JKX1luLVNYaUhXZDA1WG54YXZVYnE2UnBRNXhxRGFaY0tlZlFQQVhJWEdrSQ?oc=5
2026-08-10,GTM,Guatemala,Amérique latine,,Evenement : catastrophe,aggravation,3,Éruption du volcan Fuego au Guatemala déclenchant l'évacuation de villages.,GEO-GTM-a5aba3f23dad4ea0,https://news.google.com/rss/articles/CBMimAFBVV95cUxPSHBKQ1lENmhrdTFoQjlqaEJjTEQ5aVZDeWdRb1JXV1ZqaGwyeHo4aGNDWDhMajFGcVhTWElZaS1mR2UwY2FQQlJDWjg5R0EyekQxY2lSTl9uMkpGS0FwZDc3V3I2WnhTczVpdmtsY0lXbjJiYmtuZFRZRkdfVC1mV1pLTFJCT1NuSlRsMklFdjB5R2ptRHQxZA?oc=5
2026-08-10,MOZ,Mozambique,Afrique australe,,Evenement : violence politique,aggravation,4,"Insurrection djihadiste active dans la province de Cabo Delgado au nord du Mozambique, constituant une menace de sécurité persistante.",GEO-MOZ-7a3c097c56a7b757,https://news.google.com/rss/articles/CBMisAFBVV95cUxQeEo2R3prbVRGZ0JNNzVVOWMzMzBnNjF3LXMzQzJOVW1RTFJheWxuMkJuNVVxYy1zaXdzTklrSTVIMFFnWWdkRWZuTjJQVkpGTGdVQnNlR015Y3FZbVNrZzk1dUktaHF4clBMdTZfVTh1bGpnMTNreUYxbWpld2R4REJ2c0NhWFNfR3gzYk4wYURScm11bUFpUG5VRHB4Y3gxcVh1UktuRllLZnpUYVloQw?oc=5
2026-08-10,MOZ,Mozambique,Afrique australe,,Evenement : tension diplomatique,aggravation,3,"La Russie propose une intervention militaire pour sécuriser Cabo Delgado, signalant une escalade géopolitique et une possible implication russe dans la crise sécuritaire du nord du Mozambique.",GEO-MOZ-9747cf66a4e104c0,https://news.google.com/rss/articles/CBMiuAFBVV95cUxPZ2FHeVRJTnNEZkhvTFZobUhQenV6V1lyTU45M08xQ0JhczhOVlNMY0o4TkZiUmE5VFU1VGVIUEc5WEJiaVFjY1ZKY3JmWkhYSFZmaWpIR2dDOWxFMHNuSVlpTzh2X2phT294Z3NmMGhnMk5BaGswT195WmhqVXlzMzlEdmFMNnRFVXJHTHE2WUlXLTlNdFYtazUtVGY0OVNHamFhRlpqRmhqRElyTFNXTzhzYkZOMUVD?oc=5
2026-08-11,COL,Colombie,Amérique latine,Voyage essentiel uniquement (certaines zones),Voyage essentiel uniquement (certaines zones),lateral,2,New information about an earthquake which took place on Monday 10 August (‘Warnings and insurance’ page).,FCDO-COL-2026-08-10,https://www.gov.uk/foreign-travel-advice/Colombie
2026-08-11,FJI,Fidji,Pacifique,Aucune alerte particuliere,Aucune alerte particuliere,lateral,0,Removal of information about Tropical Cyclone Vaianu (‘Warnings and Insurance’ page).,FCDO-FJI-2026-08-10,https://www.gov.uk/foreign-travel-advice/Fidji
2026-08-11,LBN,Liban,Proche-Orient,Tout voyage deconseille (certaines zones),Tout voyage deconseille (certaines zones),lateral,4,FCDO has changed the areas of Lebanon where it advises against all travel or all but essential travel. FCDO no longer advises against all travel or all but essential travel to some parts of Lebanon. FCDO continues to advise against all travel and all but essential travel to other areas of Lebanon.,FCDO-LBN-2026-08-10,https://www.gov.uk/foreign-travel-advice/Liban
2026-08-11,PNG,Papouasie-Nouvelle-Guinée,Pacifique,Voyage essentiel uniquement (certaines zones),Voyage essentiel uniquement (certaines zones),lateral,2,New information about interruptions to the supply of water and electricity (‘Warnings and insurance’ page).,FCDO-PNG-2026-08-10,https://www.gov.uk/foreign-travel-advice/Papouasie-Nouvelle-Guinée
2026-08-11,VEN,Venezuela,Amérique latine,,Evenement : catastrophe,aggravation,4,"Deux séismes au Venezuela ont causé plus de 4 000 morts, déclenchant des opérations de recherche et de sauvetage massives.",GEO-VEN-cef59cdd9009b0bd,https://news.google.com/rss/articles/CBMiUkFVX3lxTE5vbmhTR2pMSlNPYmNOaXh3enFjU1Npei01dFg3YkFnUjR2STkzeW1ZSFlfLWxSaTFXR00tY0VOa0lJeXZoOFhqdVRiVVNIYUllbGc?oc=5
2026-08-11,GTM,Guatemala,Amérique latine,,Evenement : catastrophe,aggravation,3,Éruption volcanique au Guatemala ayant provoqué l'évacuation de centaines de personnes.,GEO-GTM-1c38b044637956e8,https://news.google.com/rss/articles/CBMiogFBVV95cUxPMXFlbzh6X3d4NHFES3c2WXlTTHZTM09VUEJLcks5Wm9pMGJhSGZBaEktUWVkTlcwcnJBQUw5WGlTczFETmh2NncwWU5SU1RLTkZBZ1BWNU9VZ3JNdmVvRzhydnQwRksyQnJ3eVIzYjNTSnNhNTAwU0VjV0xzamJ6SnpEOG9MUjRKTVBpVURPQ2FNTHRkWlFsYjJXYTVYRE5SMmfSAbIBQVVfeXFMT2YyTmMxTl9XU2VoVkFRNHY2Tk5pa3FoTWJhVHk2bkN4YzJEc0hZemo5Q0tEbTI2dGQxRGg3bTh2MUZiOXhrV282VWZ5THVfcEJ2MGlKNnpaS2RCSkhBWFFxSVdUNjBMNWY4cWJVbUhOcTRTQ2ZienZBNUI3QnJhVHBKajR2Tll3THBrQU9sTHdGT2JiNWluYVUzRHJyYWpkM3Q0blU2enZUSVFjOVZoM3dIdw?oc=5
2026-08-11,NGA,Nigeria,Afrique de l'Ouest,,Evenement : autre,aggravation,2,"Annonce de la mort d'un chef de l'État islamique opérant en Afrique de l'Ouest, potentiellement actif au Nigeria.",GEO-NGA-8bb4fa1df430ba16,https://news.google.com/rss/articles/CBMizAFBVV95cUxOemppSWIyOWRYUTNyNmtWQlFiWk9MWTItUEppNkVUdTAtOHVKMWZ2b1hNYlZ4OW9CS05jZHd5QV9ZZGYyNUYyVERVLU1kTXFYYnJKZGI1YmtZVWZfSlVnVm1LdnFUYkNKTzdOOXFuNG5tc3RlTFpUMEU5eXVfanlXNUZNZnE1Umo5eGJtazkwbDlvSWJxS3VFenhzM2dWY1hQbUFMWVdVZDd0SXFIZVJSaVJDTVpjNWMzN3J4Rng3Zkp0LVhzT3BlXzdCcDM?oc=5
2026-08-12,COL,Colombie,Amérique latine,Voyage essentiel uniquement (certaines zones),Voyage essentiel uniquement (certaines zones),lateral,2,Updated information about the earthquake in Chocó (‘Warnings and insurance’ page).,FCDO-COL-2026-08-11,https://www.gov.uk/foreign-travel-advice/Colombie
2026-08-12,GTM,Guatemala,Amérique latine,,Evenement : catastrophe,aggravation,3,Éruption volcanique au Guatemala déclenchant l'évacuation de villages.,GEO-GTM-5dc2ca74601d107d,https://news.google.com/rss/articles/CBMisAFBVV95cUxOTFAxMHNDTjZvZV9lQ05yLXVYQUJLYjB2RnRxdllwZFpBUXpGb2hibWxSaVI3WFVTYy1CekZaaWxlYlNCSnk5bXY0MDNmNGJBM3BucVBYYWxsUnB5QnAwaUNuaF85SndveW1kZUNBM01GVF9BRnNsNEt0aU95aEgzZm9qTnFrY0d3bzRkMHBfQnNENWNEMmlNMWtmTWpJeEhEeVVNbi1yUUVkNURhZXJ1Uw?oc=5
2026-08-12,GTM,Guatemala,Amérique latine,,Evenement : catastrophe,aggravation,3,Éruption volcanique au Guatemala déclenchant l'évacuation de villages.,GEO-GTM-f4ed865b5610b957,https://news.google.com/rss/articles/CBMiqwFBVV95cUxNRUxubTBYV2p0NjNLVEUtTGlKT1hvYTJCb0tIRnhuelpFOUYwak9LQy03VUg2dFlGVVRoMzFPU0FRSldKVzU0VmNyQm13N3RGODU3Y0RqVDRWU2VFS09OQVJpeFdqclFHdDdWcTNzSFcxeW01VENnbmhjc2lDX3VRWDdIT1lVREJEYnNKZXEtRGZaRTVxb2hlZU9La2I1bUcxV2RXNzBtLVA1UTg?oc=5
2026-08-12,MRT,Mauritanie,Sahel,,Evenement : coup etat,aggravation,5,Coup d'État en Mauritanie le 6 août 2008 renversant le président Sidi Ould Abdallahi.,GEO-MRT-f48f523cc6f91903,https://news.google.com/rss/articles/CBMiW0FVX3lxTFBRZkdkM1RsSTIzQWMtdTZlNDBydU9mMWZuWDRhUC0tekx1Q1QxMy0tUWhORmZjUGFuUURtdUxZb1VpZEQ4OVNoZklDY2dhaXpRbnBMbFBNdWJQd00?oc=5
2026-08-12,PHL,Philippines,Asie du Sud-Est,,Evenement : catastrophe,aggravation,3,Tempêtes aux Philippines ayant causé 19 décès et forcé près de 95 000 personnes à se réfugier dans des centres d'évacuation.,GEO-PHL-e8d0630c8e02b1e1,https://news.google.com/rss/articles/CBMingFBVV95cUxPRU41a1VrZElVcEFuZ3lQeVVRQmxKRTZIN3pmMEFILUcwMlVGcnd5NlhYUF94ZmdkaGJIbnpIU3FPdXNXdS01SGFyVkxMTExxWlBQMnVCUWZXTWYxaERMNTJ2dXR5N0g5SktXOUJpYzIwRmtyb0E2TVA0WEp3S1FLN0dtMVpXVEgyRkNVUjN6X2Rxa2lnLUtpZThxdlZ4QQ?oc=5
2026-08-12,SLE,Sierra Leone,Afrique de l'Ouest,,Evenement : coup etat,aggravation,4,Sierra Leone : 12 personnes inculpées pour tentative de coup d'État.,GEO-SLE-4c96044169bdabdd,https://news.google.com/rss/articles/CBMipwFBVV95cUxQaW9jQWNXdzlPZmJ3NnNtbWtMbEZvc3BtZEhZM2R4WFdoZDA1dzRRclBFcnlaeFptczRLS3hkcEcycEd1UlI2My1nYldpLTZLaksybVREX2tERlZRcmVZb0xmM0x3LWpoU3RqWFc4UndYSUFlaEVocE1uUWdGV3pSZG9xeFFFV1lyMHIxeml6ZDJJb3RWanR2S182RTVSQlBXeE0yODV0Zw?oc=5
2026-08-12,XKX,Kosovo,Balkans,,Evenement : coup etat,aggravation,4,Accusation contre le Premier ministre Albin Kurti de tentative de coup d'État; situation décrite comme l'un des moments politiques les plus critiques du Kosovo.,GEO-XKX-ff3e1d7de3451455,https://news.google.com/rss/articles/CBMixAFBVV95cUxOQm1icVZMYVhja3FlR2RMeERmRGk2cDcxcllpeUUwSUMydnI4T2hWMTBselhPNzVUcF85YkthN3BTV29TdmJSWERXTWZBMFY2aG1zQUtpUEtWaW5QWHpCa01xQUMzc0YxaENGSC0zWnpULWVBWjZTRGppR3h0M3drdUp0ZkZJR3hja2xDM1BSLXFTQkVrYmJtWC0tUVpXSmtIMHd1LUI3TVBxQ216Yk5udG5pSnJiMU1qTkpTSHdYRTJuUHNP?oc=5
2026-08-12,XKX,Kosovo,Balkans,,Evenement : coup etat,aggravation,4,"Un acteur politique (Gender) qualifie la situation politique actuelle de coup d'État au Kosovo, signalant une rupture institutionnelle majeure.",GEO-XKX-501c725a0e4eae9e,https://news.google.com/rss/articles/CBMiigFBVV95cUxNSWljbnk0Yko5a29OSlZ5dTY0d0l1V2Jqd3VPUkV0QkM5V29IWEdBTjBQdGk5Mkp4YnRwYnNxRmJwX0pRd3dPbzZxMnQtX0I1VDRSS0hWdjNwN1lUQnl2bXNYci13a2V2X1NHLTRqYVBqcWJyb2dpQmpMeDlaaUFQVU5Sa1VPU1piUGc?oc=5
2026-08-12,XKX,Kosovo,Balkans,,Evenement : violence politique,aggravation,3,"Accusation d'un coup d'État interne et d'usurpation de pouvoir par Kurti au Kosovo, signalant une crise politique majeure.",GEO-XKX-c33c1433468f8fce,https://news.google.com/rss/articles/CBMiqwFBVV95cUxPMHR0a1Q5ZHZJQUhNcko5T2hIS0VKRm5HeENxOHhlVGJCcnVfT0JZbDVReEJLN3Y4b2tQNVRNS3E4aEh1cGJXU1A5WnVzSVJTMTRuTWhZZ0JuWC1MLWhFVWNYelJ0bmJiOXIxTUJyTWs4ZFJkdkxMbXVrS2xHRU1MTVFMMXVraWlad1Z1TF8xR2tpR2xiSllDcXBKZzhLU0g5eFByVVA2Ri13NkE?oc=5
2026-08-12,XKX,Kosovo,Balkans,,Evenement : coup etat,aggravation,4,Accusation formelle de coup d'État contre le Premier ministre Kurti et son parti Vetevendosje au Kosovo.,GEO-XKX-b9d5ef7255c95f86,https://news.google.com/rss/articles/CBMimwFBVV95cUxPMU8tcnZEMVlWOUVrN3hyWTRmUWFSdldtVGtIZTM4cDZJOF9Dem1wYXk1SVZCd2FaTmhEUW92ZlluVUg0UVhOeGc0U1ZjanA1WElwVkd2cTBLQ3JKVHJjY0Jrc2ZZczlENXhfTWhKaUtZTXRfSkVxY2N0ZnNpeV9nT3NOczBfUGgyMEw0TFNTbkx4N0wzUFcxYTNTcw?oc=5
2026-08-13,GIN,Guinée,Afrique de l'Ouest,Aucune alerte particuliere,Aucune alerte particuliere,lateral,0,Updated information about health risks you’ll face in Guinea (‘Health’ page).,FCDO-GIN-2026-08-12,https://www.gov.uk/foreign-travel-advice/Guinée
2026-08-13,GTM,Guatemala,Amérique latine,Voyage essentiel uniquement (certaines zones),Voyage essentiel uniquement (certaines zones),lateral,2,Removal of information about Fuego volcanic activity ('Warnings and insurance' page).,FCDO-GTM-2026-08-13,https://www.gov.uk/foreign-travel-advice/Guatemala
2026-08-13,KWT,Koweït,Péninsule arabique,Voyage essentiel uniquement (pays entier),Voyage essentiel uniquement (pays entier),lateral,3,New information about visa requirements when entering Kuwait ('Entry requirements' page).,FCDO-KWT-2026-08-13,https://www.gov.uk/foreign-travel-advice/Koweït
2026-08-13,LAO,Laos,Asie du Sud-Est,Voyage essentiel uniquement (certaines zones),Voyage essentiel uniquement (certaines zones),lateral,2,Updated information on flooding risks during periods of heavy rain (‘Safety and security’ page).,FCDO-LAO-2026-08-13,https://www.gov.uk/foreign-travel-advice/Laos
2026-08-13,NGA,Nigeria,Afrique de l'Ouest,Tout voyage deconseille (certaines zones),Tout voyage deconseille (certaines zones),lateral,4,New information about on Governorship elections taking place in Osun State on 15 August ('Warnings and insurance' page).,FCDO-NGA-2026-08-13,https://www.gov.uk/foreign-travel-advice/Nigeria
2026-08-14,ALB,Albanie,Balkans,Aucune alerte particuliere,Aucune alerte particuliere,lateral,0,New information on wait times if travelling to and from the Schengen area from Albania ('Warnings and insurance' page).,FCDO-ALB-2026-08-13,https://www.gov.uk/foreign-travel-advice/Albanie
2026-08-14,BIH,Bosnie-Herzégovine,Balkans,Aucune alerte particuliere,Aucune alerte particuliere,lateral,0,New information on wait times if travelling to and from the Schengen area from Bosnia and Herzegovina. New information that the border crossing at Gradiška has been relocated to a new facility ('Warnings and insurance' page).,FCDO-BIH-2026-08-13,https://www.gov.uk/foreign-travel-advice/Bosnie-Herzégovine
2026-08-14,IRN,Iran,Proche-Orient,Tout voyage deconseille (pays entier),Tout voyage deconseille (pays entier),lateral,5,Removal of information on temporary withdrawal of UK staff from Iran and the embassy operating remotely (‘Warnings and insurance’ page).,FCDO-IRN-2026-08-13,https://www.gov.uk/foreign-travel-advice/Iran
2026-08-14,MKD,Macédoine du Nord,Balkans,Aucune alerte particuliere,Aucune alerte particuliere,lateral,0,New information on wait times if travelling to and from the Schengen area from North Macedonia ('Warnings and insurance' page).,FCDO-MKD-2026-08-13,https://www.gov.uk/foreign-travel-advice/Macédoine du Nord
2026-08-14,MNE,Monténégro,Balkans,Aucune alerte particuliere,Aucune alerte particuliere,lateral,0,New information on wait times if travelling to and from the Schengen area from Montenegro and updated information about road travel and swimming safety ('Warnings and insurance' and ‘Safety and security’ pages).,FCDO-MNE-2026-08-13,https://www.gov.uk/foreign-travel-advice/Monténégro
2026-08-14,SRB,Serbie,Balkans,Aucune alerte particuliere,Aucune alerte particuliere,lateral,0,New information on wait times if travelling to and from the Schengen area from Serbia ('Warnings and insurance' page).,FCDO-SRB-2026-08-13,https://www.gov.uk/foreign-travel-advice/Serbie
2026-08-14,PER,Pérou,Amérique latine,,Evenement : catastrophe,aggravation,2,Déclaration d'état d'urgence au Pérou face au risque de sécheresse lié au phénomène El Niño.,GEO-PER-2e33cf02f09f551e,https://news.google.com/rss/articles/CBMizAFBVV95cUxQRk5CTzE4X3FOcWhIaG80UnZEZnpFVFhGdFlRcFZIZ1otOTdNVl9FWm1wN1c0Z3ZKTDdXWFRaVjE5QV9JcUZRelJqMG1rcElZdTVfaEtSTm1aalhZVWF0OUZqNjlaRm1TYTZnbG5JUXdnMWdUY0VWVDllVmZ3M2IzLTRfMWhpY1MyZ0Iyei0xUjR4b0VRUWRYNnJNaWdqMmVvUHRMU3Ftc3c4ZzZtUUpSTExrNEtna0J6TkQzOS10MWJObS1uNjBPbl9sRS0?oc=5
2026-08-14,XKX,Kosovo,Balkans,,Evenement : coup etat,aggravation,4,"Accusation d'Ardian Gjini envers le Premier ministre Albin Kurti de staging un coup d'État au Kosovo, décrit comme l'un des moments politiques les plus critiques.",GEO-XKX-76e6f77062b47a61,https://news.google.com/rss/articles/CBMizwFBVV95cUxQeW5hdzROTXFwckhQRUpITGN6TTl5SEJFS3A2cGZkdFBROGI0M2xQY20xSkNuQU84M28tcDJZX081N1NpUEg5MGdhVzBZVDFRRmwzWlhCb2JYZ2ZCZEE3QnpiRlVOV2hhZmR2NTRpU09udWplX29tUUxRWkNIQTJpeXVPcXB2SVNCSnBaR3lvMW1JRGZJSW9jRkx2UDJoRWdUVV9NY1V0QW1YbEpqTm1iRFNtVUdrbDlJLWFxWmtzQXF6WldsMDBWSEVrbzdhSzA?oc=5
2026-08-16,COL,Colombie,Amérique latine,Voyage essentiel uniquement (certaines zones),Voyage essentiel uniquement (certaines zones),lateral,2,Updated information about flooding risks during periods of heavy rain ('Warnings and insurance' page).,FCDO-COL-2026-08-14,https://www.gov.uk/foreign-travel-advice/Colombie
2026-08-16,IDN,Indonésie,Asie du Sud-Est,Tout voyage deconseille (certaines zones),Tout voyage deconseille (certaines zones),lateral,4,Information about an earthquake in East Nusa Tenggara on 15 August (Warnings and insurance),FCDO-IDN-2026-08-16,https://www.gov.uk/foreign-travel-advice/Indonésie
2026-08-16,UKR,Ukraine,Europe de l'Est,Tout voyage deconseille (certaines zones),Tout voyage deconseille (certaines zones),lateral,4,Updated information about the Russian invasion of Ukraine (‘Warnings and insurance’ page).,FCDO-UKR-2026-08-14,https://www.gov.uk/foreign-travel-advice/Ukraine
2026-08-16,MLI,Mali,Sahel,,Evenement : tension diplomatique,aggravation,2,"Le Mali gracie un ressortissant français condamné dans une affaire de complot de coup d'État, signalant une possible détente diplomatique franco-malienne.",GEO-MLI-6179003dfb2d041b,https://news.google.com/rss/articles/CBMilwFBVV95cUxPTzgzanhnRk41NF91U2c0blhJYWM2cFRROFpsTzFlNlhtUFlmREtXT3dzQmhpWWhDSHIydU1hbW1mSVF1SC1RVVVHVzJmaEs3UlR4TFZJLWJCOHR4LTFXUmhmWVh6a2FSeDNIaDFpMHZna2dwa25OSU51MzM3ZGc2Zm1HS1F5bE9lbzdpWE50WldzWkNOOTcw0gGWAUFVX3lxTE5vZHI4a1hiQ2llTXljcjhrT3hBOGJQNXFZTzZQSlBqX3RQbGkwcng4aDBWSnJXb2V2RTV3R1hUSUs0SDJVMFZKX2wzTVhqYjVhcmlVMU9EcDFPX0xwNDRSVmZOT2V6UnMtRWVxTFFtNWpNWmIyeWJucEx5UE1MdmdiQ2NrX0F1a09HLVJmOUVDR05wSFdaQQ?oc=5
2026-08-16,UKR,Ukraine,Europe de l'Est,,Evenement : evacuation,aggravation,4,Appel de la Croix-Rouge ukrainienne pour garantir le libre accès des volontaires lors d'évacuations civiles en cours.,GEO-UKR-c853a7f17f6bcd5e,https://news.google.com/rss/articles/CBMiYkFVX3lxTE1yRURFRExhU3JORkFYMGxUS0xrbjd1cVJJbk5jV2FaUlZTck54d2xINGRCT2I3aERQWlMzd1NYZ0pMNXZKbjJTSHpNV3V1MHZmTDdfT0NlTmxGdHl2aXZsT2hR0gFnQVVfeXFMTk1tVFpyOS1aY0dia0NlYTNrbXNJcHRDQW1CT2owS2hmVm9EajdGNktodWhtRHJPMDZzSzFFRUlVQkEyaEc5N1VWeVJWbG1xdDRXTU9YcHhCRzBlbTZOa3hFektMQ3Jtbw?oc=5
2026-08-16,IDN,Indonésie,Asie du Sud-Est,,Evenement : catastrophe,aggravation,4,Séisme puissant en Indonésie ayant provoqué l'évacuation de milliers de personnes en attente d'aide.,GEO-IDN-06100c943c50d55b,https://news.google.com/rss/articles/CBMixgFBVV95cUxObnY2Y3dmX1RER1JseldJbnZ0NTFNczlJQUVrR2hsTTVuNkVPeWVvNW1RbmhFdDhucUJGSU4tNTNoTmhsNHJWMVZxRU5pcnBOcVVhdkM0dFdINWdIODhUNTVNaE5MWUgweFJHYTJQaTR0WTBQc05DU1VwazFoQVQ2X2JWYWJ5XzF2dmNKOW9lTU9aY3hBelBqNTdsb3lpTE5vSk5yUmRLVWxaOXg5QXZsYW5jRk5HcW9vanY0cWZkZFFxM2Ric3c?oc=5
2026-08-17,IDN,Indonésie,Asie du Sud-Est,,Evenement : catastrophe,aggravation,4,"Séisme de forte magnitude en Indonésie ayant causé au moins 38 décès, déclencheur potentiel de demandes de sécurité et d'évacuation.",GEO-IDN-bbabeab8e4476d47,https://news.google.com/rss/articles/CBMitwFBVV95cUxOT0l5Szhnb3NIcFBIR0xsRnlzR3Z2REhPd3JCdEdyY1hXWnBuaG5jdjZ5MFRHdnZvMGQ0LWF3VUFYcHpjel9JekVqRVRLRlNiVU0zTE1kdndZYlZ5U0JTUWlTUmoxY20yVzRab1h2V2lObXc4Tlc0b2RVX2t2ZWkzeWE0QXFUdUlkUVMwYlhBNHZtTlRRUHEwSkV6NTBfeFZPUnRqUWE4ajZaYkw3YWhESnVBbThHRzQ?oc=5
2026-08-18,CHL,Chili,Amérique latine,Aucune alerte particuliere,Aucune alerte particuliere,lateral,0,Addition of information about Hantavirus in Chile ('Health' page).,FCDO-CHL-2026-08-17,https://www.gov.uk/foreign-travel-advice/Chili
2026-08-18,PNG,Papouasie-Nouvelle-Guinée,Pacifique,Voyage essentiel uniquement (certaines zones),Voyage essentiel uniquement (certaines zones),lateral,2,Updated information about interruptions to the supply of water and electricity (‘Warnings and insurance’ page).,FCDO-PNG-2026-08-17,https://www.gov.uk/foreign-travel-advice/Papouasie-Nouvelle-Guinée
2026-08-18,CAF,Centrafrique,Afrique centrale,,Evenement : enlevement,aggravation,3,"Enlèvement d'une personne nommée Bilal par des mercenaires russes à Ndélé ; aucune nouvelle depuis une semaine, mobilisation de la population locale pour sa libération.",GEO-CAF-43e832a04dc3310f,https://news.google.com/rss/articles/CBMigAJBVV95cUxQOHZCYVRMV3JVc29ZRzFqbEZkeHB5Z3RFMC0weHF5M0IyYlBJeU82M0lGY0JybkpodWJfU1pXNkRabUhlV1NzcUxzeVo0QThoNGUzVHQtUnZiYUNuRW9PR2tzeEJCNnVhOElFRzJqNHpMeGh3eHFqUHVKSVpHQ3pRZF83RDFFNnkzYlF1dFlxU0ljUGRLWEFNYXRKOTMwX0Y2SFU0c25KSUFTM3BXeGxJTkh2RmloUmVoOUJ0WkRmTE1RYkF3dXZwVloyR3RtcGxLVzlFajM5Qlg4Y1k0ZXVFMDdqY3M4TkYxV1BXWFh0REZUYzA0SmNFbWx3N3RqeVRw?oc=5
