article_hash,date_vu
0255e3aa92d7f447,2026-07-02
033749c4acf4ba1e,2026-07-02
08446af970dff81a,2026-07-02
10221b47c2c0a43d,2026-07-02
185a066fe4a374c3,2026-07-02
18fa410b28500664,2026-07-02
1d74a7f0cf9f0d4a,2026-07-02
1f5a64b74cc3f6ac,2026-07-02
26266ba49bbd854e,2026-07-02
2856c570a12680c3,2026-07-02
30297c56978bb872,2026-07-02
337179c3ebaeec0d,2026-07-02
3596c7338d6935e0,2026-07-02
3d1ec986fe0bc42e,2026-07-02
48f1f9c6bb855831,2026-07-02
4bc8a829b54f8870,2026-07-02
4e49a81d1a6c89ba,2026-07-02
4e6c093c052eb03c,2026-07-02
59962c72f78fef81,2026-07-02
5e318d096fa573a2,2026-07-02
629ddf964a828711,2026-07-02
62aaf4068bd76556,2026-07-02
6d097236a6552930,2026-07-02
6deacf6dccf3366e,2026-07-02
6f3056a50af51bdb,2026-07-02
6f3ede4534055fc0,2026-07-02
732ce0d86a4b1257,2026-07-02
7356a34fc6813359,2026-07-02
754bb8520f474c52,2026-07-02
7c1542d04e1f295e,2026-07-02
81ac15e6d288420f,2026-07-02
8251b8c26dcf4aee,2026-07-02
83d02e42f17a6431,2026-07-02
878c747f86a6b89e,2026-07-02
89c812ac6b61b735,2026-07-02
8ea6d59ed763a23b,2026-07-02
91691328a63a8b05,2026-07-02
9b58708004924849,2026-07-02
9e800f67c7aaf2d8,2026-07-02
9e9a6cfb258e4ba1,2026-07-02
a19856ce31104b26,2026-07-02
a26f36c21a17983d,2026-07-02
a4256814505d8321,2026-07-02
a463985c59d11787,2026-07-02
ab127ccdeb8218d8,2026-07-02
ac33c4941df2a492,2026-07-02
af0f09731f7b6d3b,2026-07-02
b117f436fd7f16a8,2026-07-02
b4bd31fc3796dae5,2026-07-02
b8c3bcfe22375e0b,2026-07-02
b9e4c48b1d35be09,2026-07-02
bacee6307b70ff5c,2026-07-02
bd1cc1b9c60b2c50,2026-07-02
be5bf01002f92ba6,2026-07-02
bfdd03f3f68cb56e,2026-07-02
c1e0fdd7966fc007,2026-07-02
c2c12d8a625afee3,2026-07-02
c739ac10ad0e8788,2026-07-02
c81e9b67d6b0957f,2026-07-02
c876f871bf06dec1,2026-07-02
ca7a961bd7ceb332,2026-07-02
cb48e23c1117121b,2026-07-02
cd4d5bd9e26848ac,2026-07-02
ce89f7d29f8c1e52,2026-07-02
d98f4fa8e35d1063,2026-07-02
d9a0943a1b1466fc,2026-07-02
dd207f68767e97b3,2026-07-02
de75010d2d587396,2026-07-02
e156e3fd145e5a97,2026-07-02
e6530b1049a42ef9,2026-07-02
e93d15abcb3771ab,2026-07-02
eefad530f76dfe23,2026-07-02
f3be3a41fe9206d7,2026-07-02
f85fa94fa178c262,2026-07-02
fc07d68e880b7ef0,2026-07-02
07a804c437f30c2c,2026-07-02
1cec0ba2b477611b,2026-07-02
2464f3e67fdfe522,2026-07-02
264f2412fa6ff453,2026-07-02
267afcffd187d69e,2026-07-02
2b17c8af20b448bd,2026-07-02
4e185a4e0aea8263,2026-07-02
571afa4190924381,2026-07-02
5cd1f596725b2e13,2026-07-02
73e8e456d32602d0,2026-07-02
76ec9f024f88f4f4,2026-07-02
7b7b5ab1e0947b10,2026-07-02
818009e68db4fb5d,2026-07-02
8ee9bcd41f6c8025,2026-07-02
a044e32b20721cd5,2026-07-02
a7a5f2b7de0fb926,2026-07-02
a9cabc27edc7b45d,2026-07-02
adc360036f76b933,2026-07-02
b0182f8eaf419fe4,2026-07-02
b1ba93827fd46aef,2026-07-02
b73f93ea941018ac,2026-07-02
befafd79e60039e3,2026-07-02
cd018a5fc469ad59,2026-07-02
dedc03bbb3b3e5a3,2026-07-02
df7f395b744ef3b9,2026-07-02
e0a9c4851b81390f,2026-07-02
e1b53efd01809778,2026-07-02
e78bb01aae00d43d,2026-07-02
ed594057c3d56731,2026-07-02
f9e8a6802377b10e,2026-07-02
0cd39b9099848952,2026-07-02
119d8ed9f35dbbe6,2026-07-02
16e82a10f4baef57,2026-07-02
19ffce8240f97b1a,2026-07-02
1aed2fa7b1b82f1c,2026-07-02
1d9fedc7c8e2b2fb,2026-07-02
26377d590b83c340,2026-07-02
2fb087941edfabcd,2026-07-02
391cf9cb0ea6e3fb,2026-07-02
40a71bf9d74267c1,2026-07-02
4829450e39af46b8,2026-07-02
54bf8e1334eab62d,2026-07-02
6251fb7bbbac4a0f,2026-07-02
6476c15bad551da9,2026-07-02
657694efc567222e,2026-07-02
664f42b5d8c5b98b,2026-07-02
67f41cb634fe3397,2026-07-02
713183e09e6d401f,2026-07-02
746283e7b521f47d,2026-07-02
77f4b555af7259cb,2026-07-02
89dea15fa1a0c8f3,2026-07-02
94969f61d1184982,2026-07-02
98d3b4e2fbfd3af3,2026-07-02
9a2ae8987ad9f0d0,2026-07-02
9d29cdc6f5fc6b8e,2026-07-02
a896904d22f3701f,2026-07-02
aae70392b24532aa,2026-07-02
aaf523711be5ee6f,2026-07-02
acc1b3db934c45a1,2026-07-02
b9f66187da0641f6,2026-07-02
bbb3377a2b3d07d0,2026-07-02
bc7c1d9b7e4c1272,2026-07-02
bd190aa2790ea1d1,2026-07-02
c13fcfee97a909e8,2026-07-02
d96d0190775c7f16,2026-07-02
dedffcb95f6c7dcc,2026-07-02
f5cbc6a53146e801,2026-07-02
fc2ddc54330d7b21,2026-07-02
13cb8943878871ef,2026-07-03
17443a6fa2b4c9a0,2026-07-03
25feb35279662ca5,2026-07-03
3a500ebad847c65a,2026-07-03
442c642236ff16ee,2026-07-03
449d5a11a4060306,2026-07-03
4ce15c1201e97c26,2026-07-03
4e0735caaef83005,2026-07-03
583325354ddce31a,2026-07-03
5b7a253dc04af5ae,2026-07-03
66103a366ec8cd26,2026-07-03
6f8a1bcecfe36f9a,2026-07-03
75a62484b84507d0,2026-07-03
7c00794e9f051961,2026-07-03
7f9321d17e4b2a53,2026-07-03
9042012ffbe9b9c3,2026-07-03
996690e041117f1c,2026-07-03
a1de88853fa7fca6,2026-07-03
b5de176d46086014,2026-07-03
b616f45a0bc49970,2026-07-03
c04accde5e2e9965,2026-07-03
c2af9c3c5f6c6227,2026-07-03
c62c8b48b6a40629,2026-07-03
d0ead4146a8b2e67,2026-07-03
d91ee889e1be92a6,2026-07-03
f5cf2403df9e2224,2026-07-03
06d647732006dfb0,2026-07-03
08f787dec0b74ccf,2026-07-03
09d02441ac833f76,2026-07-03
0c695b226a6a37fe,2026-07-03
0cfb4f8a40983af5,2026-07-03
0f589d0135623e74,2026-07-03
0f9ff588684d96df,2026-07-03
12fd4bcc8e2fff05,2026-07-03
1630ff5e0220916d,2026-07-03
1ff45d0195b8738f,2026-07-03
257ac33d6431f174,2026-07-03
26413cecf59b0c05,2026-07-03
2851a5c98a86e420,2026-07-03
36c96e3bd7d4ea24,2026-07-03
4244da5f2758b7b0,2026-07-03
4dd47129781a3419,2026-07-03
5059e102259d6260,2026-07-03
5599f88b67ef103d,2026-07-03
57854bc115d1db89,2026-07-03
5899bc863da87845,2026-07-03
58c7b0317d69168f,2026-07-03
5e6a028223a1e0ad,2026-07-03
632d4edd3bae822a,2026-07-03
6853a6c6cb183090,2026-07-03
6980a828e4e8e3b3,2026-07-03
6bef371d000512e9,2026-07-03
6db82f112f672263,2026-07-03
6f626b33235f228c,2026-07-03
7798cb238940a461,2026-07-03
8614cf83670859d2,2026-07-03
86315962d9bd4d0b,2026-07-03
8a3b814850a6f3ce,2026-07-03
8c122d644352c322,2026-07-03
94ea8dc05d951021,2026-07-03
9ae21ea273304617,2026-07-03
af3b1dcd1ac2af2c,2026-07-03
b31ea580267d6c68,2026-07-03
b72a03701078d7b9,2026-07-03
ca2a5bf73a5e890c,2026-07-03
d4bc162cde770aa4,2026-07-03
d641c1488ca3510a,2026-07-03
dc8c51d1a0614b58,2026-07-03
df38e34b68f7a66d,2026-07-03
e2f89f41857107ad,2026-07-03
e361015bc3aec044,2026-07-03
e7e3d64cb21b23d0,2026-07-03
eaa18662238ef96e,2026-07-03
ed7a75e31de589a6,2026-07-03
eded85489ed1c3f7,2026-07-03
f36802866ae80a72,2026-07-03
f786f4fd9dc4bc84,2026-07-03
fbe63fd90ea8a7e2,2026-07-03
fc0e26f6b0e7b115,2026-07-03
fc2bebd5e4219f42,2026-07-03
fc368eb7722d4899,2026-07-03
fe8a5f7c013a8477,2026-07-03
57a2ae638bd56a5f,2026-07-03
7f8e6a1eebc55427,2026-07-03
9189a5214e2f81d0,2026-07-03
959063f76b664f96,2026-07-03
acb1618cc0c220c8,2026-07-03
b6c88c2fc8a67448,2026-07-03
b915340677593b74,2026-07-03
be17fc852ba81633,2026-07-03
eaadecd3c4349634,2026-07-03
fbda4853c33d7b7b,2026-07-03
1af59004e4924c25,2026-07-03
8292fa3487ada120,2026-07-03
bc962b3c442f56d3,2026-07-03
896f2ac7049e1d74,2026-07-03
fcb9d163f8676664,2026-07-03
f9caad1f9a65b3dd,2026-07-03
9e26a9da19f33455,2026-07-03
7e7030ac0d75e48f,2026-07-03
0b4edfe9e395f9d0,2026-07-03
bd017462d0c0d2f3,2026-07-03
2d183572fb8a907c,2026-07-03
2ffe609beb39f064,2026-07-03
2a8e291980de4bee,2026-07-03
aa8affbe3026ac69,2026-07-03
c2515b88f00a8a4b,2026-07-03
780a7385edbccf8f,2026-07-03
14843347034c46a6,2026-07-03
b17b699043845f8b,2026-07-03
02a95fd58edd048e,2026-07-03
581a691efa9090dd,2026-07-03
b04683eb1f1453da,2026-07-03
4e2e8ba7f5739f7d,2026-07-03
5c2df6742c1ef1db,2026-07-03
5de2636b307368ef,2026-07-03
6bae296fb182fc9b,2026-07-03
76ab0346b2d1aa1a,2026-07-03
688435628fa77270,2026-07-03
91a27abd3b546864,2026-07-03
f2c39bc2fca0a46f,2026-07-03
9ebbab1eac5d9c9e,2026-07-03
bdf6d6d5bf695406,2026-07-03
769c5d7a27f95a1f,2026-07-03
42107c6a33e266c9,2026-07-03
8efb8ac7848eb0b5,2026-07-03
43f342720fe2ff84,2026-07-03
da719aadbafaaec3,2026-07-03
a3a55190f51ab2f9,2026-07-03
e543e6a145317185,2026-07-03
d573bd78f32cafe5,2026-07-03
02b591ab47abee12,2026-07-03
605b54759335add5,2026-07-03
531efa76ade830e1,2026-07-03
c36943d36ef916e9,2026-07-03
ee4484574d30f3aa,2026-07-03
f1c9c24fe995cb8e,2026-07-03
115a3c94563b9c66,2026-07-03
5e92a3b589161932,2026-07-03
ed0cdd5fd25bb9ab,2026-07-03
a300d06ac8491f4e,2026-07-03
0258fb3687a9a775,2026-07-03
cc42149c692d425a,2026-07-03
eeaeea47fd9c51cf,2026-07-03
ddbf09f2b30abb25,2026-07-03
4ba7c76478ad99c4,2026-07-03
5ab8fbaf02ff2c13,2026-07-03
c1d8f36dea5fc37f,2026-07-03
55fd616c5d185ac0,2026-07-03
8ac076c3c8871a01,2026-07-03
516a573f71c788f8,2026-07-03
7d1d80cc145b9d0b,2026-07-03
531874b033b48947,2026-07-03
00361cc86e56ad49,2026-07-03
6a0de229a8fd70db,2026-07-03
0a73c7fc6c45085a,2026-07-03
15b0993ec3299112,2026-07-03
4d8e2d23ee7f9958,2026-07-03
27accf228466404a,2026-07-03
f22f271247da60c5,2026-07-03
5e313345cd5dfa38,2026-07-03
3fbcf49674a36c8d,2026-07-03
211a699dd3747c39,2026-07-03
1c382f9a68fbf42a,2026-07-03
bcd9157a2743e58b,2026-07-03
01db58c6e5796199,2026-07-03
15f258adea32311b,2026-07-03
baa3745348616fed,2026-07-03
9f99c10e7781cf7c,2026-07-03
b076d57e003b95d2,2026-07-03
39cd96043fe9ba85,2026-07-03
e41a8c8a46900ecd,2026-07-03
ae6a06f0a041a189,2026-07-03
4427cef9cba0fde1,2026-07-03
4e71febcd8c86bcf,2026-07-03
bda8e7f1fc0605f8,2026-07-03
1d163de9980ba4af,2026-07-03
320bd7465db40746,2026-07-03
752e792483d21240,2026-07-03
1c02e8a38cd8a612,2026-07-03
0ffc8c77e441c2ed,2026-07-03
18f90fb4fb64e6ca,2026-07-03
619c51740e84e346,2026-07-03
9f0fcada53f80ebc,2026-07-03
ef028632ffce338c,2026-07-04
3a28ff64f623e677,2026-07-04
4200bff8d34f1331,2026-07-04
76619b6f3c63a827,2026-07-04
f426ab8aaed8a502,2026-07-04
b6d7c8616cda486c,2026-07-04
5ba44f2ab1728adc,2026-07-04
d1a485ca3edb42e0,2026-07-04
4afe97154ed715f2,2026-07-04
ad5c79972b315a29,2026-07-04
0f9d25297743756a,2026-07-04
6b7e2f6ee3e86feb,2026-07-04
83904e8a745e3da8,2026-07-04
053c4a4ad0701f91,2026-07-04
acd464aa2c19d903,2026-07-04
4f056769e3d41c48,2026-07-04
ae74ace2ae335be3,2026-07-04
c4215e1acb4c5a25,2026-07-04
e1b6121de6fe6aaa,2026-07-04
f39ab6bf08548e02,2026-07-04
b9807ecd84ddf1ed,2026-07-04
c91465787cd53de7,2026-07-04
6f2d542ce19e87d5,2026-07-04
663601346a2eac86,2026-07-04
ce8e8339181d4beb,2026-07-04
2a84c4e3f34801ec,2026-07-04
b479ee633a42dd0b,2026-07-04
8a2ac99e225c3f49,2026-07-04
c0cd5316e65e3d04,2026-07-04
bc3fbaa5a512303f,2026-07-04
074ac1a5c2083ff5,2026-07-04
ea6fb1a64c0fcbb0,2026-07-04
b6837e94f3ac51b0,2026-07-04
a56f5fe9721935a4,2026-07-04
542399a7057da99c,2026-07-04
0b45facddea5211c,2026-07-04
7a5a01555f8649b9,2026-07-04
6b56a8688499ad4e,2026-07-04
d9343195af7ab361,2026-07-04
ecd281327c95a3c9,2026-07-04
b3c786b38448b410,2026-07-04
9690ff23929504ad,2026-07-04
bd4babba0138e789,2026-07-04
2974957b53cc10f1,2026-07-04
2aa5ca50f11b6dcf,2026-07-04
0e12bbb791d1743f,2026-07-04
6c9b2c1281aee069,2026-07-04
4135b9bea67ba449,2026-07-04
1771bb814dc10613,2026-07-04
90d4e0b442d279ac,2026-07-04
9d3908f9a0be214a,2026-07-04
2f4e64ffd049d34b,2026-07-04
ad6807a4118ccbd3,2026-07-04
effaed663d5b598f,2026-07-04
0ea8439db6bef906,2026-07-04
125ee104ab2a756c,2026-07-04
c3444d0b3f245721,2026-07-04
b715ff7db4bae98b,2026-07-04
0ca6fe9204ae830d,2026-07-04
8f32598734c23a4d,2026-07-04
0cdd63b96481f0db,2026-07-04
262c3e6a4c0dfc48,2026-07-04
e22679df9eeef22d,2026-07-04
92a9201229e47099,2026-07-04
4e7a304e11d32b4f,2026-07-04
1fc78522886ca280,2026-07-04
62212d8ef3c3830b,2026-07-04
9528c7ad41dc86e9,2026-07-04
491ec2b6b5ba4b2f,2026-07-04
747f8a7e014759d5,2026-07-04
e944b9fd633ba40e,2026-07-04
3d7c35a4ad649b1a,2026-07-04
17ad4cafc47bde99,2026-07-04
a377b6bb7fa7d6eb,2026-07-04
0f817c14583445a3,2026-07-04
1dbc6e04c4dc694f,2026-07-04
0198b63b0722694d,2026-07-04
72df88e40d03c26b,2026-07-04
dc5e54d8d6a8df8a,2026-07-04
5ca04cd78913953c,2026-07-04
f4ae91678a05c41c,2026-07-04
9af7dc36f3eb315e,2026-07-04
90197e81e5aa5934,2026-07-04
7e306e8c73f009ad,2026-07-04
ecf1c6118e3c90dc,2026-07-04
519e9dcbe1c7e36d,2026-07-04
7b87ef1d174cbbc4,2026-07-04
bdbbca5bbbd7e8fa,2026-07-04
fadf7f83469271af,2026-07-04
1cd821618eebc5cc,2026-07-04
835639e8065386f0,2026-07-04
dae6ae333d7e64c9,2026-07-04
2c207e35d08bd100,2026-07-04
b81ea1883917e971,2026-07-04
9a9fba9ed38e73c5,2026-07-04
7b9d76f16248bf65,2026-07-04
7ce58ed5eb3df4a5,2026-07-04
21a9245b575d5ea7,2026-07-04
da1f448daf364508,2026-07-04
d10d5d310891e505,2026-07-04
0b675cfdab391317,2026-07-04
8eae8a5183c8712d,2026-07-04
5d557b42fe8dfc73,2026-07-04
71e5f76aa199561e,2026-07-04
66cc849d245080f1,2026-07-04
be02d88f5e022f8e,2026-07-04
84d2607248d5e093,2026-07-04
eeb18c33bffa8ae4,2026-07-04
99e4a04dae5089ce,2026-07-04
470dcdc771abf29b,2026-07-04
f125427f74803882,2026-07-04
6b538ce194318b66,2026-07-04
91171dfadec7dae0,2026-07-04
75c3c9e2440f8732,2026-07-04
4795e2f1629d64db,2026-07-04
21a488dfaafeb720,2026-07-04
162284e0176c0db0,2026-07-04
4b6b6340663c3bb8,2026-07-04
e524b884e2d89f50,2026-07-04
fff4c3bf4bbf7a24,2026-07-04
e9feb61c6a6f14f6,2026-07-04
62ac1b94aae79b34,2026-07-04
fe262923f3ab5a6b,2026-07-04
66cb72ffa8f70dd3,2026-07-04
3816157ab6a2adc9,2026-07-04
0658fec1fb2dcdf3,2026-07-04
51c18ea083399193,2026-07-04
470fb2051b8be732,2026-07-04
acbd14c10013dfcc,2026-07-04
5877fe50d0943ba2,2026-07-04
0c801dbd68da4223,2026-07-04
0774f1cb6b109c27,2026-07-04
ce2cb22d35a6f92e,2026-07-04
d97168a5e075cc6a,2026-07-04
e6bcd8738d29ff6a,2026-07-04
630806506dd410aa,2026-07-04
0aab47556eeaeaf2,2026-07-04
d758c5b7c36ebc42,2026-07-04
b5a67edcd411bcd8,2026-07-04
c6ce3429e9f38718,2026-07-04
b055b2552a3bede7,2026-07-04
ff7bbace3500f01f,2026-07-04
7488152b59d7c16a,2026-07-04
9dedd40a34a2889c,2026-07-04
37f1331af58f6f4f,2026-07-04
2bc8ef3b3dbd8666,2026-07-04
80f2f486a6b9b4f1,2026-07-04
7b70f578d4a410a3,2026-07-04
f7af94ad52dc1157,2026-07-04
36ab3a04ecf58ba0,2026-07-04
7e6293f6d629ecfb,2026-07-04
81f45c2dcfcfcddb,2026-07-04
d7b691affe12c61e,2026-07-04
b5322059398968aa,2026-07-04
7c8f2d35d9e7d7aa,2026-07-04
35daadf2984e4f18,2026-07-04
3ddf5037dab56652,2026-07-04
53e099c166044dc0,2026-07-04
c5fa6a2c41dd6948,2026-07-04
31b393bc72faa37a,2026-07-04
7e719e439ab7c94b,2026-07-04
fd56bd5463ec4155,2026-07-04
3cbac891cb5e3c17,2026-07-04
47ce869075f33e11,2026-07-04
154e07c05b5d74af,2026-07-04
c0359671959bf70a,2026-07-04
487af2da15adc679,2026-07-04
3eb06fc06b12b32f,2026-07-04
6d1ee0e79405c6ed,2026-07-04
3218df839f9320c8,2026-07-04
7730658c9d716051,2026-07-04
2c8a790e5b1d23d6,2026-07-04
d7712f7c7af5788d,2026-07-04
d15d96bab35ec805,2026-07-04
110a7dd3ebe91755,2026-07-04
76d143a9e42f3635,2026-07-04
9006428f1fa08d6f,2026-07-04
8e417cb1d30354c8,2026-07-04
7621c5f47590ba2a,2026-07-04
40cd6a13839b4a4d,2026-07-04
448a2ccee1e725be,2026-07-04
2b7ec0447657d6dc,2026-07-04
c808bdd4a511b14f,2026-07-04
