entreprise,secteur,actif,requete_optionnelle
Vinci,BTP / Construction / Infrastructure,oui,
Sogea-Satom,BTP / Construction / Infrastructure,oui,
Bouygues Construction,BTP / Construction / Infrastructure,oui,
Bouygues Travaux Publics,BTP / Construction / Infrastructure,oui,
Colas,BTP / Construction / Infrastructure,oui,
Eiffage,BTP / Construction / Infrastructure,oui,
Razel-Bec,BTP / Construction / Infrastructure,oui,
Fayat,BTP / Construction / Infrastructure,oui,
NGE,BTP / Construction / Infrastructure,oui,
Spie Batignolles,BTP / Construction / Infrastructure,oui,
Demathieu Bard,BTP / Construction / Infrastructure,oui,
BESIX,BTP / Construction / Infrastructure,oui,
Webuild (Salini Impregilo),BTP / Construction / Infrastructure,oui,
Orascom Construction,BTP / Construction / Infrastructure,oui,
The Arab Contractors,BTP / Construction / Infrastructure,oui,
Julius Berger Nigeria,BTP / Construction / Infrastructure,oui,
China State Construction (CSCEC),BTP / Construction / Infrastructure,oui,
China Road and Bridge (CRBC),BTP / Construction / Infrastructure,oui,
Sinohydro,BTP / Construction / Infrastructure,oui,
STRABAG,BTP / Construction / Infrastructure,oui,
Andrade Gutierrez,BTP / Construction / Infrastructure,oui,
Onur Group,BTP / Construction / Infrastructure,oui,
Altcom,BTP / Construction / Infrastructure,oui,
Ronesans Holding,BTP / Construction / Infrastructure,oui,
ENKA,BTP / Construction / Infrastructure,oui,
Limak,BTP / Construction / Infrastructure,oui,
Gulermak,BTP / Construction / Infrastructure,oui,
Dogus Construction,BTP / Construction / Infrastructure,oui,
Budimex,BTP / Construction / Infrastructure,oui,
Mota-Engil,BTP / Construction / Infrastructure,oui,
Bechtel,BTP / Construction / Infrastructure,oui,
Trakya Insaat,BTP / Construction / Infrastructure,oui,
TotalEnergies,Oil & Gas / Energie,oui,
Perenco,Oil & Gas / Energie,oui,
Maurel & Prom,Oil & Gas / Energie,oui,
Technip Energies,Oil & Gas / Energie,oui,
TechnipFMC,Oil & Gas / Energie,oui,
Vallourec,Oil & Gas / Energie,oui,
CGG,Oil & Gas / Energie,oui,
SLB (Schlumberger),Oil & Gas / Energie,oui,
Halliburton,Oil & Gas / Energie,oui,
Baker Hughes,Oil & Gas / Energie,oui,
Eni,Oil & Gas / Energie,oui,
Trafigura,Oil & Gas / Energie,oui,
Vitol,Oil & Gas / Energie,oui,
Glencore,Oil & Gas / Energie,oui,
Savannah Energy,Oil & Gas / Energie,oui,
Kosmos Energy,Oil & Gas / Energie,oui,
Tullow Oil,Oil & Gas / Energie,oui,
BW Energy,Oil & Gas / Energie,oui,
Sonatrach,Oil & Gas / Energie,oui,
Engie,Oil & Gas / Energie,oui,
EDF,Oil & Gas / Energie,oui,
Vivo Energy,Oil & Gas / Energie,oui,
Rubis Energie,Oil & Gas / Energie,oui,
Puma Energy,Oil & Gas / Energie,oui,
KazMunayGas,Oil & Gas / Energie,oui,
CNPC,Oil & Gas / Energie,oui,
DTEK,Oil & Gas / Energie,oui,
Naftogaz,Oil & Gas / Energie,oui,
Aggreko,Oil & Gas / Energie,oui,
GE Vernova,Oil & Gas / Energie,oui,
Karpowership,Oil & Gas / Energie,oui,
Wartsila,Oil & Gas / Energie,oui,
Eramet,Mines / Materiaux,oui,
Orano,Mines / Materiaux,oui,
Managem,Mines / Materiaux,oui,
Imerys,Mines / Materiaux,oui,
Endeavour Mining,Mines / Materiaux,oui,
Barrick Gold,Mines / Materiaux,oui,
AngloGold Ashanti,Mines / Materiaux,oui,
B2Gold,Mines / Materiaux,oui,
Resolute Mining,Mines / Materiaux,oui,
Nordgold,Mines / Materiaux,oui,
Hummingbird Resources,Mines / Materiaux,oui,
IAMGOLD,Mines / Materiaux,oui,
Fortuna Mining,Mines / Materiaux,oui,
Perseus Mining,Mines / Materiaux,oui,
Allied Gold,Mines / Materiaux,oui,
Robex Resources,Mines / Materiaux,oui,
Kinross Gold,Mines / Materiaux,oui,
First Quantum Minerals,Mines / Materiaux,oui,
Ivanhoe Mines,Mines / Materiaux,oui,
Sibanye-Stillwater,Mines / Materiaux,oui,
Gemfields,Mines / Materiaux,oui,
Compagnie Miniere Montagne d'Or,Mines / Materiaux,oui,
Centerra Gold,Mines / Materiaux,oui,
KAZ Minerals,Mines / Materiaux,oui,
Solidcore Resources,Mines / Materiaux,oui,
Zijin Mining,Mines / Materiaux,oui,
Egis,Ingenierie / Conseil / Assistance technique,oui,
Setec,Ingenierie / Conseil / Assistance technique,oui,
Systra,Ingenierie / Conseil / Assistance technique,oui,
Artelia,Ingenierie / Conseil / Assistance technique,oui,
Assystem,Ingenierie / Conseil / Assistance technique,oui,
Capgemini,Ingenierie / Conseil / Assistance technique,oui,
Sofrecom,Ingenierie / Conseil / Assistance technique,oui,
Expertise France,Ingenierie / Conseil / Assistance technique,oui,
Eptisa,Ingenierie / Conseil / Assistance technique,oui,
GOPA,Ingenierie / Conseil / Assistance technique,oui,
NIRAS,Ingenierie / Conseil / Assistance technique,oui,
COWI,Ingenierie / Conseil / Assistance technique,oui,
AECOM,Ingenierie / Conseil / Assistance technique,oui,
Tractebel,Ingenierie / Conseil / Assistance technique,oui,
SGS,Ingenierie / Conseil / Assistance technique,oui,
Bureau Veritas,Ingenierie / Conseil / Assistance technique,oui,
Antea Group,Ingenierie / Conseil / Assistance technique,oui,
BRLi,Ingenierie / Conseil / Assistance technique,oui,
Ingerop,Ingenierie / Conseil / Assistance technique,oui,
WSP (Louis Berger),Ingenierie / Conseil / Assistance technique,oui,
Mott MacDonald,Ingenierie / Conseil / Assistance technique,oui,
Tetra Tech,Ingenierie / Conseil / Assistance technique,oui,
DAI Global,Ingenierie / Conseil / Assistance technique,oui,
Cowater International,Ingenierie / Conseil / Assistance technique,oui,
HALO Trust,Ingenierie / Conseil / Assistance technique,oui,
Norwegian People's Aid,Ingenierie / Conseil / Assistance technique,oui,
Fondation Suisse de Deminage (FSD),Ingenierie / Conseil / Assistance technique,oui,
Danish Demining Group,Ingenierie / Conseil / Assistance technique,oui,
Janus Global Operations,Ingenierie / Conseil / Assistance technique,oui,
GEG (Global Ordnance),Ingenierie / Conseil / Assistance technique,oui,
Louis Dreyfus Company,Agro / Negoce / Agribusiness,oui,
CFAO,Agro / Negoce / Agribusiness,oui,
Advens-Geocoton,Agro / Negoce / Agribusiness,oui,
Somdiaa,Agro / Negoce / Agribusiness,oui,
Compagnie Fruitiere,Agro / Negoce / Agribusiness,oui,
SIFCA,Agro / Negoce / Agribusiness,oui,
Olam,Agro / Negoce / Agribusiness,oui,
Cargill,Agro / Negoce / Agribusiness,oui,
Barry Callebaut,Agro / Negoce / Agribusiness,oui,
Touton,Agro / Negoce / Agribusiness,oui,
Sucden,Agro / Negoce / Agribusiness,oui,
Export Trading Group (ETG),Agro / Negoce / Agribusiness,oui,
Dangote,Agro / Negoce / Agribusiness,oui,
Avril (Sofiproteol),Agro / Negoce / Agribusiness,oui,
Castel Group,Agro / Negoce / Agribusiness,oui,
Nestle,Agro / Negoce / Agribusiness,oui,
Diageo (Guinness),Agro / Negoce / Agribusiness,oui,
Tereos,Agro / Negoce / Agribusiness,oui,
SIPEF,Agro / Negoce / Agribusiness,oui,
Socfin,Agro / Negoce / Agribusiness,oui,
Sucrivoire,Agro / Negoce / Agribusiness,oui,
Unilever,Agro / Negoce / Agribusiness,oui,
Kernel (Ukraine),Agro / Negoce / Agribusiness,oui,
MHP (Ukraine),Agro / Negoce / Agribusiness,oui,
Orange (MEA),Telecom / Infrastructure numerique,oui,
Sofrecom,Telecom / Infrastructure numerique,oui,
IHS Towers,Telecom / Infrastructure numerique,oui,
Helios Towers,Telecom / Infrastructure numerique,oui,
Airtel Africa,Telecom / Infrastructure numerique,oui,
MTN Group,Telecom / Infrastructure numerique,oui,
Camusat,Telecom / Infrastructure numerique,oui,
Ericsson,Telecom / Infrastructure numerique,oui,
Huawei,Telecom / Infrastructure numerique,oui,
Nokia,Telecom / Infrastructure numerique,oui,
Canal+ Africa,Telecom / Infrastructure numerique,oui,
Liquid Intelligent Technologies,Telecom / Infrastructure numerique,oui,
Sonatel,Telecom / Infrastructure numerique,oui,
Maroc Telecom,Telecom / Infrastructure numerique,oui,
Eutelsat,Telecom / Infrastructure numerique,oui,
Sagemcom,Telecom / Infrastructure numerique,oui,
Vergnet,Telecom / Infrastructure numerique,oui,
NuRAN Wireless,Telecom / Infrastructure numerique,oui,
Africa Mobile Networks,Telecom / Infrastructure numerique,oui,
Gilat Satellite,Telecom / Infrastructure numerique,oui,
Vodacom,Telecom / Infrastructure numerique,oui,
Kyivstar,Telecom / Infrastructure numerique,oui,
Veon,Telecom / Infrastructure numerique,oui,
Turkcell,Telecom / Infrastructure numerique,oui,
Beeline,Telecom / Infrastructure numerique,oui,
CMA CGM,Transport / Logistique / Maritime,oui,
Africa Global Logistics (AGL),Transport / Logistique / Maritime,oui,
MSC,Transport / Logistique / Maritime,oui,
DP World,Transport / Logistique / Maritime,oui,
APM Terminals,Transport / Logistique / Maritime,oui,
Grimaldi Group,Transport / Logistique / Maritime,oui,
Geodis,Transport / Logistique / Maritime,oui,
DHL,Transport / Logistique / Maritime,oui,
Bollore Energy,Transport / Logistique / Maritime,oui,
Vinci Airports,Transport / Logistique / Maritime,oui,
Egis Airport Operation,Transport / Logistique / Maritime,oui,
ASECNA,Transport / Logistique / Maritime,oui,
Sitarail,Transport / Logistique / Maritime,oui,
Getma,Transport / Logistique / Maritime,oui,
SGS Inspection,Transport / Logistique / Maritime,oui,
Air France KLM Cargo,Transport / Logistique / Maritime,oui,
Ethiopian Airlines,Transport / Logistique / Maritime,oui,
Damen Shipyards,Transport / Logistique / Maritime,oui,
Sea Invest,Transport / Logistique / Maritime,oui,
Necotrans,Transport / Logistique / Maritime,oui,
Bollore,Transport / Logistique / Maritime,oui,
Ukrzaliznytsia,Transport / Logistique / Maritime,oui,
Kazakhstan Temir Zholy (KTZ),Transport / Logistique / Maritime,oui,
Azerbaijan Railways (ADY),Transport / Logistique / Maritime,oui,
LVMH,"Luxe (faible rendement, a evaluer)",oui,
Kering,"Luxe (faible rendement, a evaluer)",oui,
Richemont,"Luxe (faible rendement, a evaluer)",oui,
Chanel,"Luxe (faible rendement, a evaluer)",oui,
Hermes,"Luxe (faible rendement, a evaluer)",oui,
De Beers,"Luxe (faible rendement, a evaluer)",oui,
Gemfields,"Luxe (faible rendement, a evaluer)",oui,
L'Oreal,"Luxe (faible rendement, a evaluer)",oui,
